0 verbose cli /usr/local/bin/node /usr/local/bin/npm
1 info using npm@11.6.2
2 info using node@v24.11.1
3 silly config load:file:/usr/local/lib/node_modules/npm/npmrc
4 silly config load:file:/Users/rorim/DepositoPegaNaBodega/.npmrc
5 silly config load:file:/Users/rorim/.npmrc
6 silly config load:file:/usr/local/etc/npmrc
7 verbose title npm install
8 verbose argv "install" "--cache" "/Users/rorim/DepositoPegaNaBodega/.npm_cache"
9 verbose logfile logs-max:10 dir:/Users/rorim/DepositoPegaNaBodega/.npm_cache/_logs/2026-05-09T04_14_32_449Z-
10 verbose logfile /Users/rorim/DepositoPegaNaBodega/.npm_cache/_logs/2026-05-09T04_14_32_449Z-debug-0.log
11 silly logfile done cleaning log files
12 silly packumentCache heap:2348810240 maxSize:587202560 maxEntrySize:293601280
13 silly idealTree buildDeps
14 silly reify moves {}
15 silly audit bulk request {
15 silly audit   '@alloc/quick-lru': [ '5.2.0' ],
15 silly audit   '@babel/code-frame': [ '7.29.0' ],
15 silly audit   '@babel/compat-data': [ '7.29.3' ],
15 silly audit   '@babel/core': [ '7.29.0' ],
15 silly audit   '@babel/generator': [ '7.29.1' ],
15 silly audit   '@babel/helper-annotate-as-pure': [ '7.27.3' ],
15 silly audit   '@babel/helper-compilation-targets': [ '7.28.6' ],
15 silly audit   '@babel/helper-create-class-features-plugin': [ '7.29.3' ],
15 silly audit   '@babel/helper-globals': [ '7.28.0' ],
15 silly audit   '@babel/helper-member-expression-to-functions': [ '7.28.5' ],
15 silly audit   '@babel/helper-module-imports': [ '7.28.6' ],
15 silly audit   '@babel/helper-module-transforms': [ '7.28.6' ],
15 silly audit   '@babel/helper-optimise-call-expression': [ '7.27.1' ],
15 silly audit   '@babel/helper-plugin-utils': [ '7.28.6' ],
15 silly audit   '@babel/helper-replace-supers': [ '7.28.6' ],
15 silly audit   '@babel/helper-skip-transparent-expression-wrappers': [ '7.27.1' ],
15 silly audit   '@babel/helper-string-parser': [ '7.27.1' ],
15 silly audit   '@babel/helper-validator-identifier': [ '7.28.5' ],
15 silly audit   '@babel/helper-validator-option': [ '7.27.1' ],
15 silly audit   '@babel/helpers': [ '7.29.2' ],
15 silly audit   '@babel/parser': [ '7.29.3' ],
15 silly audit   '@babel/plugin-syntax-jsx': [ '7.28.6' ],
15 silly audit   '@babel/plugin-syntax-typescript': [ '7.28.6' ],
15 silly audit   '@babel/plugin-transform-modules-commonjs': [ '7.28.6' ],
15 silly audit   '@babel/plugin-transform-typescript': [ '7.28.6' ],
15 silly audit   '@babel/preset-typescript': [ '7.28.5' ],
15 silly audit   '@babel/runtime': [ '7.29.2' ],
15 silly audit   '@babel/template': [ '7.28.6' ],
15 silly audit   '@babel/traverse': [ '7.29.0' ],
15 silly audit   '@babel/types': [ '7.29.0' ],
15 silly audit   '@base-ui/react': [ '1.4.1' ],
15 silly audit   '@base-ui/utils': [ '0.2.8' ],
15 silly audit   '@dotenvx/dotenvx': [ '1.64.0' ],
15 silly audit   commander: [ '11.1.0', '14.0.3' ],
15 silly audit   execa: [ '5.1.1', '9.6.1' ],
15 silly audit   fdir: [ '6.5.0' ],
15 silly audit   'get-stream': [ '6.0.1', '9.0.1' ],
15 silly audit   'human-signals': [ '2.1.0', '8.0.1' ],
15 silly audit   'is-stream': [ '2.0.1', '4.0.1' ],
15 silly audit   isexe: [ '3.1.5', '2.0.0' ],
15 silly audit   'npm-run-path': [ '4.0.1', '6.0.0' ],
15 silly audit   onetime: [ '5.1.2', '7.0.0' ],
15 silly audit   picomatch: [ '4.0.4', '2.3.2' ],
15 silly audit   'signal-exit': [ '3.0.7', '4.1.0' ],
15 silly audit   'strip-final-newline': [ '2.0.0', '4.0.0' ],
15 silly audit   which: [ '4.0.0', '2.0.2' ],
15 silly audit   '@ecies/ciphers': [ '0.2.6' ],
15 silly audit   '@emnapi/core': [ '1.10.0' ],
15 silly audit   '@emnapi/runtime': [ '1.10.0' ],
15 silly audit   '@emnapi/wasi-threads': [ '1.2.1' ],
15 silly audit   '@eslint-community/eslint-utils': [ '4.9.1' ],
15 silly audit   'eslint-visitor-keys': [ '3.4.3', '5.0.1', '4.2.1' ],
15 silly audit   '@eslint-community/regexpp': [ '4.12.2' ],
15 silly audit   '@eslint/config-array': [ '0.21.2' ],
15 silly audit   '@eslint/config-helpers': [ '0.4.2' ],
15 silly audit   '@eslint/core': [ '0.17.0' ],
15 silly audit   '@eslint/eslintrc': [ '3.3.5' ],
15 silly audit   '@eslint/js': [ '9.39.4' ],
15 silly audit   '@eslint/object-schema': [ '2.1.7' ],
15 silly audit   '@eslint/plugin-kit': [ '0.4.1' ],
15 silly audit   '@floating-ui/core': [ '1.7.5' ],
15 silly audit   '@floating-ui/dom': [ '1.7.6' ],
15 silly audit   '@floating-ui/react-dom': [ '2.1.8' ],
15 silly audit   '@floating-ui/utils': [ '0.2.11' ],
15 silly audit   '@hono/node-server': [ '1.19.14' ],
15 silly audit   '@humanfs/core': [ '0.19.2' ],
15 silly audit   '@humanfs/node': [ '0.16.8' ],
15 silly audit   '@humanfs/types': [ '0.15.0' ],
15 silly audit   '@humanwhocodes/module-importer': [ '1.0.1' ],
15 silly audit   '@humanwhocodes/retry': [ '0.4.3' ],
15 silly audit   '@img/colour': [ '1.1.0' ],
15 silly audit   '@img/sharp-darwin-arm64': [ '0.34.5' ],
15 silly audit   '@img/sharp-darwin-x64': [ '0.34.5' ],
15 silly audit   '@img/sharp-libvips-darwin-arm64': [ '1.2.4' ],
15 silly audit   '@img/sharp-libvips-darwin-x64': [ '1.2.4' ],
15 silly audit   '@img/sharp-libvips-linux-arm': [ '1.2.4' ],
15 silly audit   '@img/sharp-libvips-linux-arm64': [ '1.2.4' ],
15 silly audit   '@img/sharp-libvips-linux-ppc64': [ '1.2.4' ],
15 silly audit   '@img/sharp-libvips-linux-riscv64': [ '1.2.4' ],
15 silly audit   '@img/sharp-libvips-linux-s390x': [ '1.2.4' ],
15 silly audit   '@img/sharp-libvips-linux-x64': [ '1.2.4' ],
15 silly audit   '@img/sharp-libvips-linuxmusl-arm64': [ '1.2.4' ],
15 silly audit   '@img/sharp-libvips-linuxmusl-x64': [ '1.2.4' ],
15 silly audit   '@img/sharp-linux-arm': [ '0.34.5' ],
15 silly audit   '@img/sharp-linux-arm64': [ '0.34.5' ],
15 silly audit   '@img/sharp-linux-ppc64': [ '0.34.5' ],
15 silly audit   '@img/sharp-linux-riscv64': [ '0.34.5' ],
15 silly audit   '@img/sharp-linux-s390x': [ '0.34.5' ],
15 silly audit   '@img/sharp-linux-x64': [ '0.34.5' ],
15 silly audit   '@img/sharp-linuxmusl-arm64': [ '0.34.5' ],
15 silly audit   '@img/sharp-linuxmusl-x64': [ '0.34.5' ],
15 silly audit   '@img/sharp-wasm32': [ '0.34.5' ],
15 silly audit   '@img/sharp-win32-arm64': [ '0.34.5' ],
15 silly audit   '@img/sharp-win32-ia32': [ '0.34.5' ],
15 silly audit   '@img/sharp-win32-x64': [ '0.34.5' ],
15 silly audit   '@inquirer/ansi': [ '2.0.5' ],
15 silly audit   '@inquirer/confirm': [ '6.0.12' ],
15 silly audit   '@inquirer/core': [ '11.1.9' ],
15 silly audit   '@inquirer/figures': [ '2.0.5' ],
15 silly audit   '@inquirer/type': [ '4.0.5' ],
15 silly audit   '@jridgewell/gen-mapping': [ '0.3.13' ],
15 silly audit   '@jridgewell/remapping': [ '2.3.5' ],
15 silly audit   '@jridgewell/resolve-uri': [ '3.1.2' ],
15 silly audit   '@jridgewell/sourcemap-codec': [ '1.5.5' ],
15 silly audit   '@jridgewell/trace-mapping': [ '0.3.31' ],
15 silly audit   '@modelcontextprotocol/sdk': [ '1.29.0' ],
15 silly audit   ajv: [ '8.20.0', '6.15.0' ],
15 silly audit   'json-schema-traverse': [ '1.0.0', '0.4.1' ],
15 silly audit   '@mswjs/interceptors': [ '0.41.8' ],
15 silly audit   '@open-draft/deferred-promise': [ '2.2.0', '3.0.0' ],
15 silly audit   '@napi-rs/wasm-runtime': [ '0.2.12' ],
15 silly audit   '@next/env': [ '16.2.4' ],
15 silly audit   '@next/eslint-plugin-next': [ '16.2.4' ],
15 silly audit   '@next/swc-darwin-arm64': [ '16.2.4' ],
15 silly audit   '@next/swc-darwin-x64': [ '16.2.4' ],
15 silly audit   '@next/swc-linux-arm64-gnu': [ '16.2.4' ],
15 silly audit   '@next/swc-linux-arm64-musl': [ '16.2.4' ],
15 silly audit   '@next/swc-linux-x64-gnu': [ '16.2.4' ],
15 silly audit   '@next/swc-linux-x64-musl': [ '16.2.4' ],
15 silly audit   '@next/swc-win32-arm64-msvc': [ '16.2.4' ],
15 silly audit   '@next/swc-win32-x64-msvc': [ '16.2.4' ],
15 silly audit   '@noble/ciphers': [ '1.3.0' ],
15 silly audit   '@noble/curves': [ '1.9.7' ],
15 silly audit   '@noble/hashes': [ '1.8.0' ],
15 silly audit   '@nodelib/fs.scandir': [ '2.1.5' ],
15 silly audit   '@nodelib/fs.stat': [ '2.0.5' ],
15 silly audit   '@nodelib/fs.walk': [ '1.2.8' ],
15 silly audit   '@nolyfill/is-core-module': [ '1.0.39' ],
15 silly audit   '@open-draft/logger': [ '0.3.0' ],
15 silly audit   '@open-draft/until': [ '2.1.0' ],
15 silly audit   '@rtsao/scc': [ '1.1.0' ],
15 silly audit   '@sec-ant/readable-stream': [ '0.4.1' ],
15 silly audit   '@sindresorhus/merge-streams': [ '4.0.0' ],
15 silly audit   '@supabase/auth-js': [ '2.105.1' ],
15 silly audit   '@supabase/functions-js': [ '2.105.1' ],
15 silly audit   '@supabase/phoenix': [ '0.4.1' ],
15 silly audit   '@supabase/postgrest-js': [ '2.105.1' ],
15 silly audit   '@supabase/realtime-js': [ '2.105.1' ],
15 silly audit   '@supabase/storage-js': [ '2.105.1' ],
15 silly audit   '@supabase/supabase-js': [ '2.105.1' ],
15 silly audit   '@swc/helpers': [ '0.5.15' ],
15 silly audit   '@tailwindcss/node': [ '4.2.4' ],
15 silly audit   '@tailwindcss/oxide': [ '4.2.4' ],
15 silly audit   '@tailwindcss/oxide-android-arm64': [ '4.2.4' ],
15 silly audit   '@tailwindcss/oxide-darwin-arm64': [ '4.2.4' ],
15 silly audit   '@tailwindcss/oxide-darwin-x64': [ '4.2.4' ],
15 silly audit   '@tailwindcss/oxide-freebsd-x64': [ '4.2.4' ],
15 silly audit   '@tailwindcss/oxide-linux-arm-gnueabihf': [ '4.2.4' ],
15 silly audit   '@tailwindcss/oxide-linux-arm64-gnu': [ '4.2.4' ],
15 silly audit   '@tailwindcss/oxide-linux-arm64-musl': [ '4.2.4' ],
15 silly audit   '@tailwindcss/oxide-linux-x64-gnu': [ '4.2.4' ],
15 silly audit   '@tailwindcss/oxide-linux-x64-musl': [ '4.2.4' ],
15 silly audit   '@tailwindcss/oxide-wasm32-wasi': [ '4.2.4' ],
15 silly audit   '@tailwindcss/oxide-win32-arm64-msvc': [ '4.2.4' ],
15 silly audit   '@tailwindcss/oxide-win32-x64-msvc': [ '4.2.4' ],
15 silly audit   '@tailwindcss/postcss': [ '4.2.4' ],
15 silly audit   '@ts-morph/common': [ '0.27.0' ],
15 silly audit   'balanced-match': [ '4.0.4', '1.0.2' ],
15 silly audit   'brace-expansion': [ '5.0.5', '1.1.14' ],
15 silly audit   'fast-glob': [ '3.3.3', '3.3.1' ],
15 silly audit   'glob-parent': [ '5.1.2', '6.0.2' ],
15 silly audit   minimatch: [ '10.2.5', '3.1.5' ],
15 silly audit   '@tybys/wasm-util': [ '0.10.1' ],
15 silly audit   '@types/estree': [ '1.0.8' ],
15 silly audit   '@types/json-schema': [ '7.0.15' ],
15 silly audit   '@types/json5': [ '0.0.29' ],
15 silly audit   '@types/node': [ '25.6.0' ],
15 silly audit   '@types/pako': [ '2.0.4' ],
15 silly audit   '@types/raf': [ '3.4.3' ],
15 silly audit   '@types/set-cookie-parser': [ '2.4.10' ],
15 silly audit   '@types/statuses': [ '2.0.6' ],
15 silly audit   '@types/trusted-types': [ '2.0.7' ],
15 silly audit   '@types/validate-npm-package-name': [ '4.0.2' ],
15 silly audit   '@types/ws': [ '8.18.1' ],
15 silly audit   '@typescript-eslint/eslint-plugin': [ '8.59.1' ],
15 silly audit   ignore: [ '7.0.5', '5.3.2' ],
15 silly audit   '@typescript-eslint/parser': [ '8.59.1' ],
15 silly audit   '@typescript-eslint/project-service': [ '8.59.1' ],
15 silly audit   '@typescript-eslint/scope-manager': [ '8.59.1' ],
15 silly audit   '@typescript-eslint/tsconfig-utils': [ '8.59.1' ],
15 silly audit   '@typescript-eslint/type-utils': [ '8.59.1' ],
15 silly audit   '@typescript-eslint/types': [ '8.59.1' ],
15 silly audit   '@typescript-eslint/typescript-estree': [ '8.59.1' ],
15 silly audit   semver: [ '7.7.4', '6.3.1' ],
15 silly audit   '@typescript-eslint/utils': [ '8.59.1' ],
15 silly audit   '@typescript-eslint/visitor-keys': [ '8.59.1' ],
15 silly audit   '@unrs/resolver-binding-android-arm-eabi': [ '1.11.1' ],
15 silly audit   '@unrs/resolver-binding-android-arm64': [ '1.11.1' ],
15 silly audit   '@unrs/resolver-binding-darwin-arm64': [ '1.11.1' ],
15 silly audit   '@unrs/resolver-binding-darwin-x64': [ '1.11.1' ],
15 silly audit   '@unrs/resolver-binding-freebsd-x64': [ '1.11.1' ],
15 silly audit   '@unrs/resolver-binding-linux-arm-gnueabihf': [ '1.11.1' ],
15 silly audit   '@unrs/resolver-binding-linux-arm-musleabihf': [ '1.11.1' ],
15 silly audit   '@unrs/resolver-binding-linux-arm64-gnu': [ '1.11.1' ],
15 silly audit   '@unrs/resolver-binding-linux-arm64-musl': [ '1.11.1' ],
15 silly audit   '@unrs/resolver-binding-linux-ppc64-gnu': [ '1.11.1' ],
15 silly audit   '@unrs/resolver-binding-linux-riscv64-gnu': [ '1.11.1' ],
15 silly audit   '@unrs/resolver-binding-linux-riscv64-musl': [ '1.11.1' ],
15 silly audit   '@unrs/resolver-binding-linux-s390x-gnu': [ '1.11.1' ],
15 silly audit   '@unrs/resolver-binding-linux-x64-gnu': [ '1.11.1' ],
15 silly audit   '@unrs/resolver-binding-linux-x64-musl': [ '1.11.1' ],
15 silly audit   '@unrs/resolver-binding-wasm32-wasi': [ '1.11.1' ],
15 silly audit   '@unrs/resolver-binding-win32-arm64-msvc': [ '1.11.1' ],
15 silly audit   '@unrs/resolver-binding-win32-ia32-msvc': [ '1.11.1' ],
15 silly audit   '@unrs/resolver-binding-win32-x64-msvc': [ '1.11.1' ],
15 silly audit   accepts: [ '2.0.0' ],
15 silly audit   acorn: [ '8.16.0' ],
15 silly audit   'acorn-jsx': [ '5.3.2' ],
15 silly audit   'agent-base': [ '7.1.4' ],
15 silly audit   'ajv-formats': [ '3.0.1' ],
15 silly audit   'ansi-regex': [ '6.2.2', '5.0.1' ],
15 silly audit   'ansi-styles': [ '4.3.0' ],
15 silly audit   argparse: [ '2.0.1' ],
15 silly audit   'aria-query': [ '5.3.2' ],
15 silly audit   'array-buffer-byte-length': [ '1.0.2' ],
15 silly audit   'array-includes': [ '3.1.9' ],
15 silly audit   'array.prototype.findlast': [ '1.2.5' ],
15 silly audit   'array.prototype.findlastindex': [ '1.2.6' ],
15 silly audit   'array.prototype.flat': [ '1.3.3' ],
15 silly audit   'array.prototype.flatmap': [ '1.3.3' ],
15 silly audit   'array.prototype.tosorted': [ '1.1.4' ],
15 silly audit   'arraybuffer.prototype.slice': [ '1.0.4' ],
15 silly audit   'ast-types': [ '0.16.1' ],
15 silly audit   'ast-types-flow': [ '0.0.8' ],
15 silly audit   'async-function': [ '1.0.0' ],
15 silly audit   'available-typed-arrays': [ '1.0.7' ],
15 silly audit   'axe-core': [ '4.11.4' ],
15 silly audit   'axobject-query': [ '4.1.0' ],
15 silly audit   'base64-arraybuffer': [ '1.0.2' ],
15 silly audit   'baseline-browser-mapping': [ '2.10.25' ],
15 silly audit   'body-parser': [ '2.2.2' ],
15 silly audit   braces: [ '3.0.3' ],
15 silly audit   browserslist: [ '4.28.2' ],
15 silly audit   'bundle-name': [ '4.1.0' ],
15 silly audit   bytes: [ '3.1.2' ],
15 silly audit   'call-bind': [ '1.0.9' ],
15 silly audit   'call-bind-apply-helpers': [ '1.0.2' ],
15 silly audit   'call-bound': [ '1.0.4' ],
15 silly audit   callsites: [ '3.1.0' ],
15 silly audit   'caniuse-lite': [ '1.0.30001791' ],
15 silly audit   canvg: [ '3.0.11' ],
15 silly audit   chalk: [ '4.1.2', '5.6.2' ],
15 silly audit   'class-variance-authority': [ '0.7.1' ],
15 silly audit   'cli-cursor': [ '5.0.0' ],
15 silly audit   'cli-spinners': [ '2.9.2' ],
15 silly audit   'cli-width': [ '4.1.0' ],
15 silly audit   'client-only': [ '0.0.1' ],
15 silly audit   cliui: [ '8.0.1' ],
15 silly audit   'emoji-regex': [ '8.0.0', '9.2.2', '10.6.0' ],
15 silly audit   'string-width': [ '4.2.3', '7.2.0' ],
15 silly audit   'strip-ansi': [ '6.0.1', '7.2.0' ],
15 silly audit   clsx: [ '2.1.1' ],
15 silly audit   'code-block-writer': [ '13.0.3' ],
15 silly audit   'color-convert': [ '2.0.1' ],
15 silly audit   'color-name': [ '1.1.4' ],
15 silly audit   'concat-map': [ '0.0.1' ],
15 silly audit   'content-disposition': [ '1.1.0' ],
15 silly audit   'content-type': [ '1.0.5' ],
15 silly audit   'convert-source-map': [ '2.0.0' ],
15 silly audit   cookie: [ '0.7.2', '1.1.1' ],
15 silly audit   'cookie-signature': [ '1.2.2' ],
15 silly audit   'core-js': [ '3.49.0' ],
15 silly audit   cors: [ '2.8.6' ],
15 silly audit   cosmiconfig: [ '9.0.1' ],
15 silly audit   'cross-spawn': [ '7.0.6' ],
15 silly audit   'css-line-break': [ '2.1.0' ],
15 silly audit   cssesc: [ '3.0.0' ],
15 silly audit   'damerau-levenshtein': [ '1.0.8' ],
15 silly audit   'data-uri-to-buffer': [ '4.0.1' ],
15 silly audit   'data-view-buffer': [ '1.0.2' ],
15 silly audit   'data-view-byte-length': [ '1.0.2' ],
15 silly audit   'data-view-byte-offset': [ '1.0.1' ],
15 silly audit   debug: [ '4.4.3', '3.2.7' ],
15 silly audit   dedent: [ '1.7.2' ],
15 silly audit   'deep-is': [ '0.1.4' ],
15 silly audit   deepmerge: [ '4.3.1' ],
15 silly audit   'default-browser': [ '5.5.0' ],
15 silly audit   'default-browser-id': [ '5.0.1' ],
15 silly audit   'define-data-property': [ '1.1.4' ],
15 silly audit   'define-lazy-prop': [ '3.0.0' ],
15 silly audit   'define-properties': [ '1.2.1' ],
15 silly audit   depd: [ '2.0.0' ],
15 silly audit   'detect-libc': [ '2.1.2' ],
15 silly audit   dexie: [ '4.4.2' ],
15 silly audit   'dexie-react-hooks': [ '4.4.0' ],
15 silly audit   diff: [ '8.0.4' ],
15 silly audit   doctrine: [ '2.1.0' ],
15 silly audit   dompurify: [ '3.4.2' ],
15 silly audit   dotenv: [ '17.4.2' ],
15 silly audit   'dunder-proto': [ '1.0.1' ],
15 silly audit   eciesjs: [ '0.4.18' ],
15 silly audit   'ee-first': [ '1.1.1' ],
15 silly audit   'electron-to-chromium': [ '1.5.349' ],
15 silly audit   encodeurl: [ '2.0.0' ],
15 silly audit   'enhanced-resolve': [ '5.21.0' ],
15 silly audit   'env-paths': [ '2.2.1' ],
15 silly audit   'error-ex': [ '1.3.4' ],
15 silly audit   'es-abstract': [ '1.24.2' ],
15 silly audit   'es-define-property': [ '1.0.1' ],
15 silly audit   'es-errors': [ '1.3.0' ],
15 silly audit   'es-iterator-helpers': [ '1.3.2' ],
15 silly audit   'es-object-atoms': [ '1.1.1' ],
15 silly audit   'es-set-tostringtag': [ '2.1.0' ],
15 silly audit   'es-shim-unscopables': [ '1.1.0' ],
15 silly audit   'es-to-primitive': [ '1.3.0' ],
15 silly audit   escalade: [ '3.2.0' ],
15 silly audit   'escape-html': [ '1.0.3' ],
15 silly audit   'escape-string-regexp': [ '4.0.0' ],
15 silly audit   eslint: [ '9.39.4' ],
15 silly audit   'eslint-config-next': [ '16.2.4' ],
15 silly audit   globals: [ '16.4.0', '14.0.0' ],
15 silly audit   'eslint-import-resolver-node': [ '0.3.10' ],
15 silly audit   'eslint-import-resolver-typescript': [ '3.10.1' ],
15 silly audit   'eslint-module-utils': [ '2.12.1' ],
15 silly audit   'eslint-plugin-import': [ '2.32.0' ],
15 silly audit   'eslint-plugin-jsx-a11y': [ '6.10.2' ],
15 silly audit   'eslint-plugin-react': [ '7.37.5' ],
15 silly audit   'eslint-plugin-react-hooks': [ '7.1.1' ],
15 silly audit   'eslint-scope': [ '8.4.0' ],
15 silly audit   espree: [ '10.4.0' ],
15 silly audit   esprima: [ '4.0.1' ],
15 silly audit   esquery: [ '1.7.0' ],
15 silly audit   esrecurse: [ '4.3.0' ],
15 silly audit   estraverse: [ '5.3.0' ],
15 silly audit   esutils: [ '2.0.3' ],
15 silly audit   etag: [ '1.8.1' ],
15 silly audit   eventsource: [ '3.0.7' ],
15 silly audit   'eventsource-parser': [ '3.0.8' ],
15 silly audit   express: [ '5.2.1' ],
15 silly audit   'express-rate-limit': [ '8.4.1' ],
15 silly audit   'fast-deep-equal': [ '3.1.3' ],
15 silly audit   'fast-json-stable-stringify': [ '2.1.0' ],
15 silly audit   'fast-levenshtein': [ '2.0.6' ],
15 silly audit   'fast-png': [ '6.4.0' ],
15 silly audit   'fast-string-truncated-width': [ '3.0.3' ],
15 silly audit   'fast-string-width': [ '3.0.2' ],
15 silly audit   'fast-uri': [ '3.1.0' ],
15 silly audit   'fast-wrap-ansi': [ '0.2.0' ],
15 silly audit   fastq: [ '1.20.1' ],
15 silly audit   'fetch-blob': [ '3.2.0' ],
15 silly audit   fflate: [ '0.8.2' ],
15 silly audit   figures: [ '6.1.0' ],
15 silly audit   'file-entry-cache': [ '8.0.0' ],
15 silly audit   'fill-range': [ '7.1.1' ],
15 silly audit   finalhandler: [ '2.1.1' ],
15 silly audit   'find-up': [ '5.0.0' ],
15 silly audit   'flat-cache': [ '4.0.1' ],
15 silly audit   flatted: [ '3.4.2' ],
15 silly audit   'for-each': [ '0.3.5' ],
15 silly audit   'formdata-polyfill': [ '4.0.10' ],
15 silly audit   forwarded: [ '0.2.0' ],
15 silly audit   fresh: [ '2.0.0' ],
15 silly audit   'fs-extra': [ '11.3.4' ],
15 silly audit   'function-bind': [ '1.1.2' ],
15 silly audit   'function.prototype.name': [ '1.1.8' ],
15 silly audit   'functions-have-names': [ '1.2.3' ],
15 silly audit   fuzzysort: [ '3.1.0' ],
15 silly audit   'generator-function': [ '2.0.1' ],
15 silly audit   gensync: [ '1.0.0-beta.2' ],
15 silly audit   'get-caller-file': [ '2.0.5' ],
15 silly audit   'get-east-asian-width': [ '1.5.0' ],
15 silly audit   'get-intrinsic': [ '1.3.0' ],
15 silly audit   'get-own-enumerable-keys': [ '1.0.0' ],
15 silly audit   'get-proto': [ '1.0.1' ],
15 silly audit   'get-symbol-description': [ '1.1.0' ],
15 silly audit   'get-tsconfig': [ '4.14.0' ],
15 silly audit   globalthis: [ '1.0.4' ],
15 silly audit   gopd: [ '1.2.0' ],
15 silly audit   'graceful-fs': [ '4.2.11' ],
15 silly audit   graphql: [ '16.13.2' ],
15 silly audit   'has-bigints': [ '1.1.0' ],
15 silly audit   'has-flag': [ '4.0.0' ],
15 silly audit   'has-property-descriptors': [ '1.0.2' ],
15 silly audit   'has-proto': [ '1.2.0' ],
15 silly audit   'has-symbols': [ '1.1.0' ],
15 silly audit   'has-tostringtag': [ '1.0.2' ],
15 silly audit   hasown: [ '2.0.3' ],
15 silly audit   'headers-polyfill': [ '5.0.1' ],
15 silly audit   'hermes-estree': [ '0.25.1' ],
15 silly audit   'hermes-parser': [ '0.25.1' ],
15 silly audit   hono: [ '4.12.16' ],
15 silly audit   html2canvas: [ '1.4.1' ],
15 silly audit   'http-errors': [ '2.0.1' ],
15 silly audit   'https-proxy-agent': [ '7.0.6' ],
15 silly audit   'iceberg-js': [ '0.8.1' ],
15 silly audit   'iconv-lite': [ '0.7.2' ],
15 silly audit   'import-fresh': [ '3.3.1' ],
15 silly audit   imurmurhash: [ '0.1.4' ],
15 silly audit   inherits: [ '2.0.4' ],
15 silly audit   'internal-slot': [ '1.1.0' ],
15 silly audit   iobuffer: [ '5.4.0' ],
15 silly audit   'ip-address': [ '10.1.0' ],
15 silly audit   'ipaddr.js': [ '1.9.1' ],
15 silly audit   'is-array-buffer': [ '3.0.5' ],
15 silly audit   'is-arrayish': [ '0.2.1' ],
15 silly audit   'is-async-function': [ '2.1.1' ],
15 silly audit   'is-bigint': [ '1.1.0' ],
15 silly audit   'is-boolean-object': [ '1.2.2' ],
15 silly audit   'is-bun-module': [ '2.0.0' ],
15 silly audit   'is-callable': [ '1.2.7' ],
15 silly audit   'is-core-module': [ '2.16.1' ],
15 silly audit   'is-data-view': [ '1.0.2' ],
15 silly audit   'is-date-object': [ '1.1.0' ],
15 silly audit   'is-docker': [ '3.0.0' ],
15 silly audit   'is-extglob': [ '2.1.1' ],
15 silly audit   'is-finalizationregistry': [ '1.1.1' ],
15 silly audit   'is-fullwidth-code-point': [ '3.0.0' ],
15 silly audit   'is-generator-function': [ '1.1.2' ],
15 silly audit   'is-glob': [ '4.0.3' ],
15 silly audit   'is-in-ssh': [ '1.0.0' ],
15 silly audit   'is-inside-container': [ '1.0.0' ],
15 silly audit   'is-interactive': [ '2.0.0' ],
15 silly audit   'is-map': [ '2.0.3' ],
15 silly audit   'is-negative-zero': [ '2.0.3' ],
15 silly audit   'is-node-process': [ '1.2.0' ],
15 silly audit   'is-number': [ '7.0.0' ],
15 silly audit   'is-number-object': [ '1.1.1' ],
15 silly audit   'is-obj': [ '3.0.0' ],
15 silly audit   'is-plain-obj': [ '4.1.0' ],
15 silly audit   'is-promise': [ '4.0.0' ],
15 silly audit   'is-regex': [ '1.2.1' ],
15 silly audit   'is-regexp': [ '3.1.0' ],
15 silly audit   'is-set': [ '2.0.3' ],
15 silly audit   'is-shared-array-buffer': [ '1.0.4' ],
15 silly audit   'is-string': [ '1.1.1' ],
15 silly audit   'is-symbol': [ '1.1.1' ],
15 silly audit   'is-typed-array': [ '1.1.15' ],
15 silly audit   'is-unicode-supported': [ '2.1.0', '1.3.0' ],
15 silly audit   'is-weakmap': [ '2.0.2' ],
15 silly audit   'is-weakref': [ '1.1.1' ],
15 silly audit   'is-weakset': [ '2.0.4' ],
15 silly audit   'is-wsl': [ '3.1.1' ],
15 silly audit   isarray: [ '2.0.5' ],
15 silly audit   'iterator.prototype': [ '1.1.5' ],
15 silly audit   jiti: [ '2.6.1' ],
15 silly audit   jose: [ '6.2.3' ],
15 silly audit   'js-tokens': [ '4.0.0' ],
15 silly audit   'js-yaml': [ '4.1.1' ],
15 silly audit   jsesc: [ '3.1.0' ],
15 silly audit   'json-buffer': [ '3.0.1' ],
15 silly audit   'json-parse-even-better-errors': [ '2.3.1' ],
15 silly audit   'json-schema-typed': [ '8.0.2' ],
15 silly audit   'json-stable-stringify-without-jsonify': [ '1.0.1' ],
15 silly audit   json5: [ '2.2.3', '1.0.2' ],
15 silly audit   jsonfile: [ '6.2.1' ],
15 silly audit   jspdf: [ '4.2.1' ],
15 silly audit   'jspdf-autotable': [ '5.0.7' ],
15 silly audit   'jsx-ast-utils': [ '3.3.5' ],
15 silly audit   keyv: [ '4.5.4' ],
15 silly audit   kleur: [ '4.1.5', '3.0.3' ],
15 silly audit   'language-subtag-registry': [ '0.3.23' ],
15 silly audit   'language-tags': [ '1.0.9' ],
15 silly audit   levn: [ '0.4.1' ],
15 silly audit   lightningcss: [ '1.32.0' ],
15 silly audit   'lightningcss-android-arm64': [ '1.32.0' ],
15 silly audit   'lightningcss-darwin-arm64': [ '1.32.0' ],
15 silly audit   'lightningcss-darwin-x64': [ '1.32.0' ],
15 silly audit   'lightningcss-freebsd-x64': [ '1.32.0' ],
15 silly audit   'lightningcss-linux-arm-gnueabihf': [ '1.32.0' ],
15 silly audit   'lightningcss-linux-arm64-gnu': [ '1.32.0' ],
15 silly audit   'lightningcss-linux-arm64-musl': [ '1.32.0' ],
15 silly audit   'lightningcss-linux-x64-gnu': [ '1.32.0' ],
15 silly audit   'lightningcss-linux-x64-musl': [ '1.32.0' ],
15 silly audit   'lightningcss-win32-arm64-msvc': [ '1.32.0' ],
15 silly audit   'lightningcss-win32-x64-msvc': [ '1.32.0' ],
15 silly audit   'lines-and-columns': [ '1.2.4' ],
15 silly audit   'locate-path': [ '6.0.0' ],
15 silly audit   'lodash.merge': [ '4.6.2' ],
15 silly audit   'log-symbols': [ '6.0.0' ],
15 silly audit   'loose-envify': [ '1.4.0' ],
15 silly audit   'lru-cache': [ '5.1.1' ],
15 silly audit   'lucide-react': [ '1.14.0' ],
15 silly audit   'magic-string': [ '0.30.21' ],
15 silly audit   'math-intrinsics': [ '1.1.0' ],
15 silly audit   'media-typer': [ '1.1.0' ],
15 silly audit   'merge-descriptors': [ '2.0.0' ],
15 silly audit   'merge-stream': [ '2.0.0' ],
15 silly audit   merge2: [ '1.4.1' ],
15 silly audit   micromatch: [ '4.0.8' ],
15 silly audit   'mime-db': [ '1.54.0' ],
15 silly audit   'mime-types': [ '3.0.2' ],
15 silly audit   'mimic-fn': [ '2.1.0' ],
15 silly audit   'mimic-function': [ '5.0.1' ],
15 silly audit   minimist: [ '1.2.8' ],
15 silly audit   ms: [ '2.1.3' ],
15 silly audit   msw: [ '2.14.2' ],
15 silly audit   'mute-stream': [ '3.0.0' ],
15 silly audit   nanoid: [ '3.3.12' ],
15 silly audit   'napi-postinstall': [ '0.3.4' ],
15 silly audit   'natural-compare': [ '1.4.0' ],
15 silly audit   negotiator: [ '1.0.0' ],
15 silly audit   next: [ '16.2.4' ],
15 silly audit   postcss: [ '8.4.31', '8.5.13' ],
15 silly audit   'node-domexception': [ '1.0.0' ],
15 silly audit   'node-exports-info': [ '1.6.0' ],
15 silly audit   'node-fetch': [ '3.3.2' ],
15 silly audit   'node-releases': [ '2.0.38' ],
15 silly audit   'path-key': [ '4.0.0', '3.1.1' ],
15 silly audit   'object-assign': [ '4.1.1' ],
15 silly audit   'object-inspect': [ '1.13.4' ],
15 silly audit   'object-keys': [ '1.1.1' ],
15 silly audit   'object-treeify': [ '1.1.33' ],
15 silly audit   'object.assign': [ '4.1.7' ],
15 silly audit   'object.entries': [ '1.1.9' ],
15 silly audit   'object.fromentries': [ '2.0.8' ],
15 silly audit   'object.groupby': [ '1.0.3' ],
15 silly audit   'object.values': [ '1.2.1' ],
15 silly audit   'on-finished': [ '2.4.1' ],
15 silly audit   once: [ '1.4.0' ],
15 silly audit   open: [ '11.0.0' ],
15 silly audit   optionator: [ '0.9.4' ],
15 silly audit   ora: [ '8.2.0' ],
15 silly audit   outvariant: [ '1.4.3' ],
15 silly audit   'own-keys': [ '1.0.1' ],
15 silly audit   'p-limit': [ '3.1.0' ],
15 silly audit   'p-locate': [ '5.0.0' ],
15 silly audit   pako: [ '2.1.0' ],
15 silly audit   'parent-module': [ '1.0.1' ],
15 silly audit   'parse-json': [ '5.2.0' ],
15 silly audit   'parse-ms': [ '4.0.0' ],
15 silly audit   parseurl: [ '1.3.3' ],
15 silly audit   'path-browserify': [ '1.0.1' ],
15 silly audit   'path-exists': [ '4.0.0' ],
15 silly audit   'path-parse': [ '1.0.7' ],
15 silly audit   'path-to-regexp': [ '6.3.0', '8.4.2' ],
15 silly audit   'performance-now': [ '2.1.0' ],
15 silly audit   picocolors: [ '1.1.1' ],
15 silly audit   'pkce-challenge': [ '5.0.1' ],
15 silly audit   'possible-typed-array-names': [ '1.1.0' ],
15 silly audit   'postcss-selector-parser': [ '7.1.1' ],
15 silly audit   'powershell-utils': [ '0.1.0' ],
15 silly audit   'prelude-ls': [ '1.2.1' ],
15 silly audit   'pretty-ms': [ '9.3.0' ],
15 silly audit   prompts: [ '2.4.2' ],
15 silly audit   'prop-types': [ '15.8.1' ],
15 silly audit   'proxy-addr': [ '2.0.7' ],
15 silly audit   punycode: [ '2.3.1' ],
15 silly audit   qs: [ '6.15.1' ],
15 silly audit   'queue-microtask': [ '1.2.3' ],
15 silly audit   raf: [ '3.4.1' ],
15 silly audit   'range-parser': [ '1.2.1' ],
15 silly audit   'raw-body': [ '3.0.2' ],
15 silly audit   react: [ '19.2.4' ],
15 silly audit   'react-dom': [ '19.2.4' ],
15 silly audit   'react-is': [ '16.13.1' ],
15 silly audit   recast: [ '0.23.11' ],
15 silly audit   'reflect.getprototypeof': [ '1.0.10' ],
15 silly audit   'regenerator-runtime': [ '0.13.11' ],
15 silly audit   'regexp.prototype.flags': [ '1.5.4' ],
15 silly audit   'require-directory': [ '2.1.1' ],
15 silly audit   'require-from-string': [ '2.0.2' ],
15 silly audit   reselect: [ '5.1.1' ],
15 silly audit   resolve: [ '2.0.0-next.6' ],
15 silly audit   'resolve-from': [ '4.0.0' ],
15 silly audit   'resolve-pkg-maps': [ '1.0.0' ],
15 silly audit   'restore-cursor': [ '5.1.0' ],
15 silly audit   rettime: [ '0.11.8' ],
15 silly audit   reusify: [ '1.1.0' ],
15 silly audit   rgbcolor: [ '1.0.1' ],
15 silly audit   router: [ '2.2.0' ],
15 silly audit   'run-applescript': [ '7.1.0' ],
15 silly audit   'run-parallel': [ '1.2.0' ],
15 silly audit   'safe-array-concat': [ '1.1.4' ],
15 silly audit   'safe-push-apply': [ '1.0.0' ],
15 silly audit   'safe-regex-test': [ '1.1.0' ],
15 silly audit   'safer-buffer': [ '2.1.2' ],
15 silly audit   scheduler: [ '0.27.0' ],
15 silly audit   send: [ '1.2.1' ],
15 silly audit   'serve-static': [ '2.2.1' ],
15 silly audit   'set-cookie-parser': [ '3.1.0' ],
15 silly audit   'set-function-length': [ '1.2.2' ],
15 silly audit   'set-function-name': [ '2.0.2' ],
15 silly audit   'set-proto': [ '1.0.0' ],
15 silly audit   setprototypeof: [ '1.2.0' ],
15 silly audit   shadcn: [ '4.6.0' ],
15 silly audit   'tsconfig-paths': [ '4.2.0', '3.15.0' ],
15 silly audit   zod: [ '3.25.76', '4.4.2' ],
15 silly audit   sharp: [ '0.34.5' ],
15 silly audit   'shebang-command': [ '2.0.0' ],
15 silly audit   'shebang-regex': [ '3.0.0' ],
15 silly audit   'side-channel': [ '1.1.0' ],
15 silly audit   'side-channel-list': [ '1.0.1' ],
15 silly audit   'side-channel-map': [ '1.0.1' ],
15 silly audit   'side-channel-weakmap': [ '1.0.2' ],
15 silly audit   sisteransi: [ '1.0.5' ],
15 silly audit   'source-map': [ '0.6.1' ],
15 silly audit   'source-map-js': [ '1.2.1' ],
15 silly audit   'stable-hash': [ '0.0.5' ],
15 silly audit   'stackblur-canvas': [ '2.7.0' ],
15 silly audit   statuses: [ '2.0.2' ],
15 silly audit   'stdin-discarder': [ '0.2.2' ],
15 silly audit   'stop-iteration-iterator': [ '1.1.0' ],
15 silly audit   'strict-event-emitter': [ '0.5.1' ],
15 silly audit   'string.prototype.includes': [ '2.0.1' ],
15 silly audit   'string.prototype.matchall': [ '4.0.12' ],
15 silly audit   'string.prototype.repeat': [ '1.0.0' ],
15 silly audit   'string.prototype.trim': [ '1.2.10' ],
15 silly audit   'string.prototype.trimend': [ '1.0.9' ],
15 silly audit   'string.prototype.trimstart': [ '1.0.8' ],
15 silly audit   'stringify-object': [ '5.0.0' ],
15 silly audit   'strip-bom': [ '3.0.0' ],
15 silly audit   'strip-json-comments': [ '3.1.1' ],
15 silly audit   'styled-jsx': [ '5.1.6' ],
15 silly audit   'supports-color': [ '7.2.0' ],
15 silly audit   'supports-preserve-symlinks-flag': [ '1.0.0' ],
15 silly audit   'svg-pathdata': [ '6.0.3' ],
15 silly audit   'tagged-tag': [ '1.0.0' ],
15 silly audit   'tailwind-merge': [ '3.5.0' ],
15 silly audit   tailwindcss: [ '4.2.4' ],
15 silly audit   tapable: [ '2.3.3' ],
15 silly audit   'text-segmentation': [ '1.0.3' ],
15 silly audit   'tiny-invariant': [ '1.3.3' ],
15 silly audit   tinyglobby: [ '0.2.16' ],
15 silly audit   tldts: [ '7.0.30' ],
15 silly audit   'tldts-core': [ '7.0.30' ],
15 silly audit   'to-regex-range': [ '5.0.1' ],
15 silly audit   toidentifier: [ '1.0.1' ],
15 silly audit   'tough-cookie': [ '6.0.1' ],
15 silly audit   'ts-api-utils': [ '2.5.0' ],
15 silly audit   'ts-morph': [ '26.0.0' ],
15 silly audit   tslib: [ '2.8.1' ],
15 silly audit   'tw-animate-css': [ '1.4.0' ],
15 silly audit   'type-check': [ '0.4.0' ],
15 silly audit   'type-fest': [ '5.6.0' ],
15 silly audit   'type-is': [ '2.0.1' ],
15 silly audit   'typed-array-buffer': [ '1.0.3' ],
15 silly audit   'typed-array-byte-length': [ '1.0.3' ],
15 silly audit   'typed-array-byte-offset': [ '1.0.4' ],
15 silly audit   'typed-array-length': [ '1.0.7' ],
15 silly audit   typescript: [ '6.0.3' ],
15 silly audit   'typescript-eslint': [ '8.59.1' ],
15 silly audit   'unbox-primitive': [ '1.1.0' ],
15 silly audit   'undici-types': [ '7.19.2' ],
15 silly audit   'unicorn-magic': [ '0.3.0' ],
15 silly audit   universalify: [ '2.0.1' ],
15 silly audit   unpipe: [ '1.0.0' ],
15 silly audit   'unrs-resolver': [ '1.11.1' ],
15 silly audit   'until-async': [ '3.0.2' ],
15 silly audit   'update-browserslist-db': [ '1.2.3' ],
15 silly audit   'uri-js': [ '4.4.1' ],
15 silly audit   'use-sync-external-store': [ '1.6.0' ],
15 silly audit   'util-deprecate': [ '1.0.2' ],
15 silly audit   utrie: [ '1.0.2' ],
15 silly audit   uuid: [ '14.0.0' ],
15 silly audit   'validate-npm-package-name': [ '7.0.2' ],
15 silly audit   vary: [ '1.1.2' ],
15 silly audit   'web-streams-polyfill': [ '3.3.3' ],
15 silly audit   'which-boxed-primitive': [ '1.1.1' ],
15 silly audit   'which-builtin-type': [ '1.2.1' ],
15 silly audit   'which-collection': [ '1.0.2' ],
15 silly audit   'which-typed-array': [ '1.1.20' ],
15 silly audit   'word-wrap': [ '1.2.5' ],
15 silly audit   'wrap-ansi': [ '7.0.0' ],
15 silly audit   wrappy: [ '1.0.2' ],
15 silly audit   ws: [ '8.20.0' ],
15 silly audit   'wsl-utils': [ '0.3.1' ],
15 silly audit   y18n: [ '5.0.8' ],
15 silly audit   yallist: [ '3.1.1' ],
15 silly audit   yargs: [ '17.7.2' ],
15 silly audit   'yargs-parser': [ '21.1.1' ],
15 silly audit   'yocto-queue': [ '0.1.0' ],
15 silly audit   'yocto-spinner': [ '1.1.0' ],
15 silly audit   yoctocolors: [ '2.1.2' ],
15 silly audit   'zod-to-json-schema': [ '3.25.2' ],
15 silly audit   'zod-validation-error': [ '4.0.2' ]
15 silly audit }
16 http cache zod-validation-error@https://registry.npmjs.org/zod-validation-error/-/zod-validation-error-4.0.2.tgz 1ms (cache hit)
17 http cache yoctocolors@https://registry.npmjs.org/yoctocolors/-/yoctocolors-2.1.2.tgz 0ms (cache hit)
18 http cache yocto-spinner@https://registry.npmjs.org/yocto-spinner/-/yocto-spinner-1.1.0.tgz 0ms (cache hit)
19 http cache yocto-queue@https://registry.npmjs.org/yocto-queue/-/yocto-queue-0.1.0.tgz 0ms (cache hit)
20 http cache zod@https://registry.npmjs.org/zod/-/zod-4.4.2.tgz 0ms (cache hit)
21 http cache yargs-parser@https://registry.npmjs.org/yargs-parser/-/yargs-parser-21.1.1.tgz 0ms (cache hit)
22 http cache wsl-utils@https://registry.npmjs.org/wsl-utils/-/wsl-utils-0.3.1.tgz 0ms (cache hit)
23 http cache y18n@https://registry.npmjs.org/y18n/-/y18n-5.0.8.tgz 0ms (cache hit)
24 http cache zod-to-json-schema@https://registry.npmjs.org/zod-to-json-schema/-/zod-to-json-schema-3.25.2.tgz 0ms (cache hit)
25 http cache wrappy@https://registry.npmjs.org/wrappy/-/wrappy-1.0.2.tgz 0ms (cache hit)
26 http cache wrap-ansi@https://registry.npmjs.org/wrap-ansi/-/wrap-ansi-7.0.0.tgz 0ms (cache hit)
27 http cache yallist@https://registry.npmjs.org/yallist/-/yallist-3.1.1.tgz 0ms (cache hit)
28 http cache word-wrap@https://registry.npmjs.org/word-wrap/-/word-wrap-1.2.5.tgz 0ms (cache hit)
29 http cache which-typed-array@https://registry.npmjs.org/which-typed-array/-/which-typed-array-1.1.20.tgz 0ms (cache hit)
30 http cache ws@https://registry.npmjs.org/ws/-/ws-8.20.0.tgz 0ms (cache hit)
31 http cache which-boxed-primitive@https://registry.npmjs.org/which-boxed-primitive/-/which-boxed-primitive-1.1.1.tgz 0ms (cache hit)
32 http cache which-collection@https://registry.npmjs.org/which-collection/-/which-collection-1.0.2.tgz 0ms (cache hit)
33 http cache web-streams-polyfill@https://registry.npmjs.org/web-streams-polyfill/-/web-streams-polyfill-3.3.3.tgz 0ms (cache hit)
34 http cache yargs@https://registry.npmjs.org/yargs/-/yargs-17.7.2.tgz 0ms (cache hit)
35 http cache which-builtin-type@https://registry.npmjs.org/which-builtin-type/-/which-builtin-type-1.2.1.tgz 0ms (cache hit)
36 http cache validate-npm-package-name@https://registry.npmjs.org/validate-npm-package-name/-/validate-npm-package-name-7.0.2.tgz 0ms (cache hit)
37 http cache vary@https://registry.npmjs.org/vary/-/vary-1.1.2.tgz 0ms (cache hit)
38 http cache util-deprecate@https://registry.npmjs.org/util-deprecate/-/util-deprecate-1.0.2.tgz 0ms (cache hit)
39 http cache utrie@https://registry.npmjs.org/utrie/-/utrie-1.0.2.tgz 0ms (cache hit)
40 http cache uuid@https://registry.npmjs.org/uuid/-/uuid-14.0.0.tgz 0ms (cache hit)
41 http cache uri-js@https://registry.npmjs.org/uri-js/-/uri-js-4.4.1.tgz 0ms (cache hit)
42 http cache update-browserslist-db@https://registry.npmjs.org/update-browserslist-db/-/update-browserslist-db-1.2.3.tgz 0ms (cache hit)
43 http cache use-sync-external-store@https://registry.npmjs.org/use-sync-external-store/-/use-sync-external-store-1.6.0.tgz 0ms (cache hit)
44 http cache unrs-resolver@https://registry.npmjs.org/unrs-resolver/-/unrs-resolver-1.11.1.tgz 0ms (cache hit)
45 http cache unpipe@https://registry.npmjs.org/unpipe/-/unpipe-1.0.0.tgz 0ms (cache hit)
46 http cache until-async@https://registry.npmjs.org/until-async/-/until-async-3.0.2.tgz 0ms (cache hit)
47 http cache undici-types@https://registry.npmjs.org/undici-types/-/undici-types-7.19.2.tgz 0ms (cache hit)
48 http cache unicorn-magic@https://registry.npmjs.org/unicorn-magic/-/unicorn-magic-0.3.0.tgz 0ms (cache hit)
49 http cache universalify@https://registry.npmjs.org/universalify/-/universalify-2.0.1.tgz 0ms (cache hit)
50 http cache typescript-eslint@https://registry.npmjs.org/typescript-eslint/-/typescript-eslint-8.59.1.tgz 0ms (cache hit)
51 http cache which@https://registry.npmjs.org/which/-/which-2.0.2.tgz 0ms (cache hit)
52 http cache unbox-primitive@https://registry.npmjs.org/unbox-primitive/-/unbox-primitive-1.1.0.tgz 0ms (cache hit)
53 http cache typescript@https://registry.npmjs.org/typescript/-/typescript-6.0.3.tgz 0ms (cache hit)
54 http cache type-is@https://registry.npmjs.org/type-is/-/type-is-2.0.1.tgz 0ms (cache hit)
55 http cache typed-array-byte-length@https://registry.npmjs.org/typed-array-byte-length/-/typed-array-byte-length-1.0.3.tgz 0ms (cache hit)
56 http cache typed-array-length@https://registry.npmjs.org/typed-array-length/-/typed-array-length-1.0.7.tgz 0ms (cache hit)
57 http cache typed-array-buffer@https://registry.npmjs.org/typed-array-buffer/-/typed-array-buffer-1.0.3.tgz 0ms (cache hit)
58 http cache type-check@https://registry.npmjs.org/type-check/-/type-check-0.4.0.tgz 0ms (cache hit)
59 http cache type-fest@https://registry.npmjs.org/type-fest/-/type-fest-5.6.0.tgz 0ms (cache hit)
60 http cache tslib@https://registry.npmjs.org/tslib/-/tslib-2.8.1.tgz 0ms (cache hit)
61 http cache ts-morph@https://registry.npmjs.org/ts-morph/-/ts-morph-26.0.0.tgz 0ms (cache hit)
62 http cache ts-api-utils@https://registry.npmjs.org/ts-api-utils/-/ts-api-utils-2.5.0.tgz 0ms (cache hit)
63 http cache tough-cookie@https://registry.npmjs.org/tough-cookie/-/tough-cookie-6.0.1.tgz 0ms (cache hit)
64 http cache tw-animate-css@https://registry.npmjs.org/tw-animate-css/-/tw-animate-css-1.4.0.tgz 0ms (cache hit)
65 http cache tsconfig-paths@https://registry.npmjs.org/tsconfig-paths/-/tsconfig-paths-3.15.0.tgz 0ms (cache hit)
66 http cache tldts@https://registry.npmjs.org/tldts/-/tldts-7.0.30.tgz 0ms (cache hit)
67 http cache toidentifier@https://registry.npmjs.org/toidentifier/-/toidentifier-1.0.1.tgz 0ms (cache hit)
68 http cache tldts-core@https://registry.npmjs.org/tldts-core/-/tldts-core-7.0.30.tgz 0ms (cache hit)
69 http cache text-segmentation@https://registry.npmjs.org/text-segmentation/-/text-segmentation-1.0.3.tgz 0ms (cache hit)
70 http cache tiny-invariant@https://registry.npmjs.org/tiny-invariant/-/tiny-invariant-1.3.3.tgz 0ms (cache hit)
71 http cache tinyglobby@https://registry.npmjs.org/tinyglobby/-/tinyglobby-0.2.16.tgz 0ms (cache hit)
72 http cache tailwind-merge@https://registry.npmjs.org/tailwind-merge/-/tailwind-merge-3.5.0.tgz 0ms (cache hit)
73 http cache tailwindcss@https://registry.npmjs.org/tailwindcss/-/tailwindcss-4.2.4.tgz 0ms (cache hit)
74 http cache typed-array-byte-offset@https://registry.npmjs.org/typed-array-byte-offset/-/typed-array-byte-offset-1.0.4.tgz 0ms (cache hit)
75 http cache to-regex-range@https://registry.npmjs.org/to-regex-range/-/to-regex-range-5.0.1.tgz 0ms (cache hit)
76 http cache tapable@https://registry.npmjs.org/tapable/-/tapable-2.3.3.tgz 0ms (cache hit)
77 http cache supports-preserve-symlinks-flag@https://registry.npmjs.org/supports-preserve-symlinks-flag/-/supports-preserve-symlinks-flag-1.0.0.tgz 0ms (cache hit)
78 http cache styled-jsx@https://registry.npmjs.org/styled-jsx/-/styled-jsx-5.1.6.tgz 0ms (cache hit)
79 http cache strip-bom@https://registry.npmjs.org/strip-bom/-/strip-bom-3.0.0.tgz 0ms (cache hit)
80 http cache svg-pathdata@https://registry.npmjs.org/svg-pathdata/-/svg-pathdata-6.0.3.tgz 0ms (cache hit)
81 http cache strip-final-newline@https://registry.npmjs.org/strip-final-newline/-/strip-final-newline-4.0.0.tgz 0ms (cache hit)
82 http cache supports-color@https://registry.npmjs.org/supports-color/-/supports-color-7.2.0.tgz 0ms (cache hit)
83 http cache strip-ansi@https://registry.npmjs.org/strip-ansi/-/strip-ansi-7.2.0.tgz 0ms (cache hit)
84 http cache strip-json-comments@https://registry.npmjs.org/strip-json-comments/-/strip-json-comments-3.1.1.tgz 0ms (cache hit)
85 http cache stringify-object@https://registry.npmjs.org/stringify-object/-/stringify-object-5.0.0.tgz 0ms (cache hit)
86 http cache string.prototype.trimstart@https://registry.npmjs.org/string.prototype.trimstart/-/string.prototype.trimstart-1.0.8.tgz 0ms (cache hit)
87 http cache string.prototype.trim@https://registry.npmjs.org/string.prototype.trim/-/string.prototype.trim-1.2.10.tgz 0ms (cache hit)
88 http cache string.prototype.repeat@https://registry.npmjs.org/string.prototype.repeat/-/string.prototype.repeat-1.0.0.tgz 0ms (cache hit)
89 http cache string.prototype.matchall@https://registry.npmjs.org/string.prototype.matchall/-/string.prototype.matchall-4.0.12.tgz 0ms (cache hit)
90 http cache string.prototype.includes@https://registry.npmjs.org/string.prototype.includes/-/string.prototype.includes-2.0.1.tgz 0ms (cache hit)
91 http cache string-width@https://registry.npmjs.org/string-width/-/string-width-7.2.0.tgz 0ms (cache hit)
92 http cache strict-event-emitter@https://registry.npmjs.org/strict-event-emitter/-/strict-event-emitter-0.5.1.tgz 0ms (cache hit)
93 http cache string.prototype.trimend@https://registry.npmjs.org/string.prototype.trimend/-/string.prototype.trimend-1.0.9.tgz 0ms (cache hit)
94 http cache statuses@https://registry.npmjs.org/statuses/-/statuses-2.0.2.tgz 0ms (cache hit)
95 http cache stdin-discarder@https://registry.npmjs.org/stdin-discarder/-/stdin-discarder-0.2.2.tgz 0ms (cache hit)
96 http cache tagged-tag@https://registry.npmjs.org/tagged-tag/-/tagged-tag-1.0.0.tgz 0ms (cache hit)
97 http cache stable-hash@https://registry.npmjs.org/stable-hash/-/stable-hash-0.0.5.tgz 0ms (cache hit)
98 http cache source-map@https://registry.npmjs.org/source-map/-/source-map-0.6.1.tgz 0ms (cache hit)
99 http cache stop-iteration-iterator@https://registry.npmjs.org/stop-iteration-iterator/-/stop-iteration-iterator-1.1.0.tgz 0ms (cache hit)
100 http cache signal-exit@https://registry.npmjs.org/signal-exit/-/signal-exit-4.1.0.tgz 0ms (cache hit)
101 http cache sisteransi@https://registry.npmjs.org/sisteransi/-/sisteransi-1.0.5.tgz 0ms (cache hit)
102 http cache side-channel-weakmap@https://registry.npmjs.org/side-channel-weakmap/-/side-channel-weakmap-1.0.2.tgz 0ms (cache hit)
103 http cache stackblur-canvas@https://registry.npmjs.org/stackblur-canvas/-/stackblur-canvas-2.7.0.tgz 0ms (cache hit)
104 http cache side-channel-map@https://registry.npmjs.org/side-channel-map/-/side-channel-map-1.0.1.tgz 0ms (cache hit)
105 http cache side-channel-list@https://registry.npmjs.org/side-channel-list/-/side-channel-list-1.0.1.tgz 0ms (cache hit)
106 http cache side-channel@https://registry.npmjs.org/side-channel/-/side-channel-1.1.0.tgz 0ms (cache hit)
107 http cache source-map-js@https://registry.npmjs.org/source-map-js/-/source-map-js-1.2.1.tgz 0ms (cache hit)
108 http cache shebang-command@https://registry.npmjs.org/shebang-command/-/shebang-command-2.0.0.tgz 0ms (cache hit)
109 http cache sharp@https://registry.npmjs.org/sharp/-/sharp-0.34.5.tgz 0ms (cache hit)
110 http cache shadcn@https://registry.npmjs.org/shadcn/-/shadcn-4.6.0.tgz 0ms (cache hit)
111 http cache setprototypeof@https://registry.npmjs.org/setprototypeof/-/setprototypeof-1.2.0.tgz 0ms (cache hit)
112 http cache set-proto@https://registry.npmjs.org/set-proto/-/set-proto-1.0.0.tgz 0ms (cache hit)
113 http cache set-function-name@https://registry.npmjs.org/set-function-name/-/set-function-name-2.0.2.tgz 0ms (cache hit)
114 http cache set-cookie-parser@https://registry.npmjs.org/set-cookie-parser/-/set-cookie-parser-3.1.0.tgz 0ms (cache hit)
115 http cache send@https://registry.npmjs.org/send/-/send-1.2.1.tgz 0ms (cache hit)
116 http cache serve-static@https://registry.npmjs.org/serve-static/-/serve-static-2.2.1.tgz 0ms (cache hit)
117 http cache semver@https://registry.npmjs.org/semver/-/semver-6.3.1.tgz 0ms (cache hit)
118 http cache scheduler@https://registry.npmjs.org/scheduler/-/scheduler-0.27.0.tgz 0ms (cache hit)
119 http cache safer-buffer@https://registry.npmjs.org/safer-buffer/-/safer-buffer-2.1.2.tgz 0ms (cache hit)
120 http cache safe-regex-test@https://registry.npmjs.org/safe-regex-test/-/safe-regex-test-1.1.0.tgz 0ms (cache hit)
121 http cache safe-array-concat@https://registry.npmjs.org/safe-array-concat/-/safe-array-concat-1.1.4.tgz 0ms (cache hit)
122 http cache safe-push-apply@https://registry.npmjs.org/safe-push-apply/-/safe-push-apply-1.0.0.tgz 0ms (cache hit)
123 http cache run-parallel@https://registry.npmjs.org/run-parallel/-/run-parallel-1.2.0.tgz 0ms (cache hit)
124 http cache router@https://registry.npmjs.org/router/-/router-2.2.0.tgz 0ms (cache hit)
125 http cache rgbcolor@https://registry.npmjs.org/rgbcolor/-/rgbcolor-1.0.1.tgz 0ms (cache hit)
126 http cache reusify@https://registry.npmjs.org/reusify/-/reusify-1.1.0.tgz 0ms (cache hit)
127 http cache rettime@https://registry.npmjs.org/rettime/-/rettime-0.11.8.tgz 0ms (cache hit)
128 http cache run-applescript@https://registry.npmjs.org/run-applescript/-/run-applescript-7.1.0.tgz 0ms (cache hit)
129 http cache restore-cursor@https://registry.npmjs.org/restore-cursor/-/restore-cursor-5.1.0.tgz 0ms (cache hit)
130 http cache resolve-from@https://registry.npmjs.org/resolve-from/-/resolve-from-4.0.0.tgz 0ms (cache hit)
131 http cache shebang-regex@https://registry.npmjs.org/shebang-regex/-/shebang-regex-3.0.0.tgz 0ms (cache hit)
132 http cache resolve@https://registry.npmjs.org/resolve/-/resolve-2.0.0-next.6.tgz 0ms (cache hit)
133 http cache reselect@https://registry.npmjs.org/reselect/-/reselect-5.1.1.tgz 0ms (cache hit)
134 http cache resolve-pkg-maps@https://registry.npmjs.org/resolve-pkg-maps/-/resolve-pkg-maps-1.0.0.tgz 0ms (cache hit)
135 http cache require-directory@https://registry.npmjs.org/require-directory/-/require-directory-2.1.1.tgz 0ms (cache hit)
136 http cache regexp.prototype.flags@https://registry.npmjs.org/regexp.prototype.flags/-/regexp.prototype.flags-1.5.4.tgz 0ms (cache hit)
137 http cache reflect.getprototypeof@https://registry.npmjs.org/reflect.getprototypeof/-/reflect.getprototypeof-1.0.10.tgz 0ms (cache hit)
138 http cache set-function-length@https://registry.npmjs.org/set-function-length/-/set-function-length-1.2.2.tgz 0ms (cache hit)
139 http cache regenerator-runtime@https://registry.npmjs.org/regenerator-runtime/-/regenerator-runtime-0.13.11.tgz 0ms (cache hit)
140 http cache recast@https://registry.npmjs.org/recast/-/recast-0.23.11.tgz 0ms (cache hit)
141 http cache react-is@https://registry.npmjs.org/react-is/-/react-is-16.13.1.tgz 0ms (cache hit)
142 http cache react-dom@https://registry.npmjs.org/react-dom/-/react-dom-19.2.4.tgz 0ms (cache hit)
143 http cache react@https://registry.npmjs.org/react/-/react-19.2.4.tgz 0ms (cache hit)
144 http cache range-parser@https://registry.npmjs.org/range-parser/-/range-parser-1.2.1.tgz 0ms (cache hit)
145 http cache raw-body@https://registry.npmjs.org/raw-body/-/raw-body-3.0.2.tgz 0ms (cache hit)
146 http cache raf@https://registry.npmjs.org/raf/-/raf-3.4.1.tgz 0ms (cache hit)
147 http cache queue-microtask@https://registry.npmjs.org/queue-microtask/-/queue-microtask-1.2.3.tgz 0ms (cache hit)
148 http cache qs@https://registry.npmjs.org/qs/-/qs-6.15.1.tgz 0ms (cache hit)
149 http cache punycode@https://registry.npmjs.org/punycode/-/punycode-2.3.1.tgz 0ms (cache hit)
150 http cache proxy-addr@https://registry.npmjs.org/proxy-addr/-/proxy-addr-2.0.7.tgz 0ms (cache hit)
151 http cache prop-types@https://registry.npmjs.org/prop-types/-/prop-types-15.8.1.tgz 0ms (cache hit)
152 http cache prompts@https://registry.npmjs.org/prompts/-/prompts-2.4.2.tgz 0ms (cache hit)
153 http cache prelude-ls@https://registry.npmjs.org/prelude-ls/-/prelude-ls-1.2.1.tgz 0ms (cache hit)
154 http cache powershell-utils@https://registry.npmjs.org/powershell-utils/-/powershell-utils-0.1.0.tgz 0ms (cache hit)
155 http cache postcss-selector-parser@https://registry.npmjs.org/postcss-selector-parser/-/postcss-selector-parser-7.1.1.tgz 0ms (cache hit)
156 http cache postcss@https://registry.npmjs.org/postcss/-/postcss-8.5.13.tgz 0ms (cache hit)
157 http cache possible-typed-array-names@https://registry.npmjs.org/possible-typed-array-names/-/possible-typed-array-names-1.1.0.tgz 0ms (cache hit)
158 http cache pkce-challenge@https://registry.npmjs.org/pkce-challenge/-/pkce-challenge-5.0.1.tgz 0ms (cache hit)
159 http cache pretty-ms@https://registry.npmjs.org/pretty-ms/-/pretty-ms-9.3.0.tgz 0ms (cache hit)
160 http cache picomatch@https://registry.npmjs.org/picomatch/-/picomatch-2.3.2.tgz 0ms (cache hit)
161 http cache picocolors@https://registry.npmjs.org/picocolors/-/picocolors-1.1.1.tgz 0ms (cache hit)
162 http cache performance-now@https://registry.npmjs.org/performance-now/-/performance-now-2.1.0.tgz 0ms (cache hit)
163 http cache require-from-string@https://registry.npmjs.org/require-from-string/-/require-from-string-2.0.2.tgz 0ms (cache hit)
164 http cache path-key@https://registry.npmjs.org/path-key/-/path-key-3.1.1.tgz 0ms (cache hit)
165 http cache path-exists@https://registry.npmjs.org/path-exists/-/path-exists-4.0.0.tgz 0ms (cache hit)
166 http cache path-browserify@https://registry.npmjs.org/path-browserify/-/path-browserify-1.0.1.tgz 0ms (cache hit)
167 http cache parseurl@https://registry.npmjs.org/parseurl/-/parseurl-1.3.3.tgz 0ms (cache hit)
168 http cache parse-ms@https://registry.npmjs.org/parse-ms/-/parse-ms-4.0.0.tgz 0ms (cache hit)
169 http cache parse-json@https://registry.npmjs.org/parse-json/-/parse-json-5.2.0.tgz 0ms (cache hit)
170 http cache parent-module@https://registry.npmjs.org/parent-module/-/parent-module-1.0.1.tgz 0ms (cache hit)
171 http cache pako@https://registry.npmjs.org/pako/-/pako-2.1.0.tgz 0ms (cache hit)
172 http cache path-parse@https://registry.npmjs.org/path-parse/-/path-parse-1.0.7.tgz 0ms (cache hit)
173 http cache p-locate@https://registry.npmjs.org/p-locate/-/p-locate-5.0.0.tgz 0ms (cache hit)
174 http cache p-limit@https://registry.npmjs.org/p-limit/-/p-limit-3.1.0.tgz 0ms (cache hit)
175 http cache own-keys@https://registry.npmjs.org/own-keys/-/own-keys-1.0.1.tgz 0ms (cache hit)
176 http cache outvariant@https://registry.npmjs.org/outvariant/-/outvariant-1.4.3.tgz 0ms (cache hit)
177 http cache ora@https://registry.npmjs.org/ora/-/ora-8.2.0.tgz 0ms (cache hit)
178 http cache optionator@https://registry.npmjs.org/optionator/-/optionator-0.9.4.tgz 1ms (cache hit)
179 http cache open@https://registry.npmjs.org/open/-/open-11.0.0.tgz 0ms (cache hit)
180 http cache onetime@https://registry.npmjs.org/onetime/-/onetime-7.0.0.tgz 0ms (cache hit)
181 http cache once@https://registry.npmjs.org/once/-/once-1.4.0.tgz 0ms (cache hit)
182 http cache on-finished@https://registry.npmjs.org/on-finished/-/on-finished-2.4.1.tgz 0ms (cache hit)
183 http cache object.values@https://registry.npmjs.org/object.values/-/object.values-1.2.1.tgz 0ms (cache hit)
184 http cache path-to-regexp@https://registry.npmjs.org/path-to-regexp/-/path-to-regexp-6.3.0.tgz 0ms (cache hit)
185 http cache object.assign@https://registry.npmjs.org/object.assign/-/object.assign-4.1.7.tgz 0ms (cache hit)
186 http cache object-keys@https://registry.npmjs.org/object-keys/-/object-keys-1.1.1.tgz 0ms (cache hit)
187 http cache object-inspect@https://registry.npmjs.org/object-inspect/-/object-inspect-1.13.4.tgz 0ms (cache hit)
188 http cache object-assign@https://registry.npmjs.org/object-assign/-/object-assign-4.1.1.tgz 0ms (cache hit)
189 http cache npm-run-path@https://registry.npmjs.org/npm-run-path/-/npm-run-path-6.0.0.tgz 0ms (cache hit)
190 http cache object-treeify@https://registry.npmjs.org/object-treeify/-/object-treeify-1.1.33.tgz 0ms (cache hit)
191 http cache node-releases@https://registry.npmjs.org/node-releases/-/node-releases-2.0.38.tgz 0ms (cache hit)
192 http cache object.groupby@https://registry.npmjs.org/object.groupby/-/object.groupby-1.0.3.tgz 0ms (cache hit)
193 http cache node-fetch@https://registry.npmjs.org/node-fetch/-/node-fetch-3.3.2.tgz 0ms (cache hit)
194 http cache node-exports-info@https://registry.npmjs.org/node-exports-info/-/node-exports-info-1.6.0.tgz 0ms (cache hit)
195 http cache negotiator@https://registry.npmjs.org/negotiator/-/negotiator-1.0.0.tgz 0ms (cache hit)
196 http cache natural-compare@https://registry.npmjs.org/natural-compare/-/natural-compare-1.4.0.tgz 0ms (cache hit)
197 http cache nanoid@https://registry.npmjs.org/nanoid/-/nanoid-3.3.12.tgz 0ms (cache hit)
198 http cache ms@https://registry.npmjs.org/ms/-/ms-2.1.3.tgz 0ms (cache hit)
199 http cache next@https://registry.npmjs.org/next/-/next-16.2.4.tgz 0ms (cache hit)
200 http cache node-domexception@https://registry.npmjs.org/node-domexception/-/node-domexception-1.0.0.tgz 0ms (cache hit)
201 http cache minimist@https://registry.npmjs.org/minimist/-/minimist-1.2.8.tgz 0ms (cache hit)
202 http cache napi-postinstall@https://registry.npmjs.org/napi-postinstall/-/napi-postinstall-0.3.4.tgz 0ms (cache hit)
203 http cache object.fromentries@https://registry.npmjs.org/object.fromentries/-/object.fromentries-2.0.8.tgz 0ms (cache hit)
204 http cache mimic-function@https://registry.npmjs.org/mimic-function/-/mimic-function-5.0.1.tgz 0ms (cache hit)
205 http cache minimatch@https://registry.npmjs.org/minimatch/-/minimatch-3.1.5.tgz 0ms (cache hit)
206 http cache mute-stream@https://registry.npmjs.org/mute-stream/-/mute-stream-3.0.0.tgz 0ms (cache hit)
207 http cache mimic-fn@https://registry.npmjs.org/mimic-fn/-/mimic-fn-2.1.0.tgz 0ms (cache hit)
208 http cache mime-types@https://registry.npmjs.org/mime-types/-/mime-types-3.0.2.tgz 0ms (cache hit)
209 http cache mime-db@https://registry.npmjs.org/mime-db/-/mime-db-1.54.0.tgz 0ms (cache hit)
210 http cache merge2@https://registry.npmjs.org/merge2/-/merge2-1.4.1.tgz 0ms (cache hit)
211 http cache merge-descriptors@https://registry.npmjs.org/merge-descriptors/-/merge-descriptors-2.0.0.tgz 0ms (cache hit)
212 http cache merge-stream@https://registry.npmjs.org/merge-stream/-/merge-stream-2.0.0.tgz 0ms (cache hit)
213 http cache msw@https://registry.npmjs.org/msw/-/msw-2.14.2.tgz 0ms (cache hit)
214 http cache media-typer@https://registry.npmjs.org/media-typer/-/media-typer-1.1.0.tgz 0ms (cache hit)
215 http cache object.entries@https://registry.npmjs.org/object.entries/-/object.entries-1.1.9.tgz 0ms (cache hit)
216 http cache loose-envify@https://registry.npmjs.org/loose-envify/-/loose-envify-1.4.0.tgz 0ms (cache hit)
217 http cache log-symbols@https://registry.npmjs.org/log-symbols/-/log-symbols-6.0.0.tgz 0ms (cache hit)
218 http cache micromatch@https://registry.npmjs.org/micromatch/-/micromatch-4.0.8.tgz 0ms (cache hit)
219 http cache lucide-react@https://registry.npmjs.org/lucide-react/-/lucide-react-1.14.0.tgz 0ms (cache hit)
220 http cache locate-path@https://registry.npmjs.org/locate-path/-/locate-path-6.0.0.tgz 0ms (cache hit)
221 http cache lodash.merge@https://registry.npmjs.org/lodash.merge/-/lodash.merge-4.6.2.tgz 0ms (cache hit)
222 http cache math-intrinsics@https://registry.npmjs.org/math-intrinsics/-/math-intrinsics-1.1.0.tgz 0ms (cache hit)
223 http cache lines-and-columns@https://registry.npmjs.org/lines-and-columns/-/lines-and-columns-1.2.4.tgz 0ms (cache hit)
224 http cache magic-string@https://registry.npmjs.org/magic-string/-/magic-string-0.30.21.tgz 0ms (cache hit)
225 http cache lightningcss@https://registry.npmjs.org/lightningcss/-/lightningcss-1.32.0.tgz 0ms (cache hit)
226 http cache levn@https://registry.npmjs.org/levn/-/levn-0.4.1.tgz 0ms (cache hit)
227 http cache lightningcss-darwin-arm64@https://registry.npmjs.org/lightningcss-darwin-arm64/-/lightningcss-darwin-arm64-1.32.0.tgz 0ms (cache hit)
228 http cache lru-cache@https://registry.npmjs.org/lru-cache/-/lru-cache-5.1.1.tgz 0ms (cache hit)
229 http cache kleur@https://registry.npmjs.org/kleur/-/kleur-4.1.5.tgz 0ms (cache hit)
230 http cache language-subtag-registry@https://registry.npmjs.org/language-subtag-registry/-/language-subtag-registry-0.3.23.tgz 0ms (cache hit)
231 http cache keyv@https://registry.npmjs.org/keyv/-/keyv-4.5.4.tgz 0ms (cache hit)
232 http cache language-tags@https://registry.npmjs.org/language-tags/-/language-tags-1.0.9.tgz 0ms (cache hit)
233 http cache jsx-ast-utils@https://registry.npmjs.org/jsx-ast-utils/-/jsx-ast-utils-3.3.5.tgz 0ms (cache hit)
234 http cache jspdf-autotable@https://registry.npmjs.org/jspdf-autotable/-/jspdf-autotable-5.0.7.tgz 0ms (cache hit)
235 http cache jsonfile@https://registry.npmjs.org/jsonfile/-/jsonfile-6.2.1.tgz 0ms (cache hit)
236 http cache jspdf@https://registry.npmjs.org/jspdf/-/jspdf-4.2.1.tgz 0ms (cache hit)
237 http cache json-stable-stringify-without-jsonify@https://registry.npmjs.org/json-stable-stringify-without-jsonify/-/json-stable-stringify-without-jsonify-1.0.1.tgz 0ms (cache hit)
238 http cache json-schema-traverse@https://registry.npmjs.org/json-schema-traverse/-/json-schema-traverse-0.4.1.tgz 0ms (cache hit)
239 http cache json-parse-even-better-errors@https://registry.npmjs.org/json-parse-even-better-errors/-/json-parse-even-better-errors-2.3.1.tgz 0ms (cache hit)
240 http cache json-buffer@https://registry.npmjs.org/json-buffer/-/json-buffer-3.0.1.tgz 0ms (cache hit)
241 http cache jsesc@https://registry.npmjs.org/jsesc/-/jsesc-3.1.0.tgz 0ms (cache hit)
242 http cache jose@https://registry.npmjs.org/jose/-/jose-6.2.3.tgz 0ms (cache hit)
243 http cache jiti@https://registry.npmjs.org/jiti/-/jiti-2.6.1.tgz 0ms (cache hit)
244 http cache json-schema-typed@https://registry.npmjs.org/json-schema-typed/-/json-schema-typed-8.0.2.tgz 0ms (cache hit)
245 http cache js-yaml@https://registry.npmjs.org/js-yaml/-/js-yaml-4.1.1.tgz 0ms (cache hit)
246 http cache isexe@https://registry.npmjs.org/isexe/-/isexe-2.0.0.tgz 0ms (cache hit)
247 http cache iterator.prototype@https://registry.npmjs.org/iterator.prototype/-/iterator.prototype-1.1.5.tgz 0ms (cache hit)
248 http cache isarray@https://registry.npmjs.org/isarray/-/isarray-2.0.5.tgz 0ms (cache hit)
249 http cache js-tokens@https://registry.npmjs.org/js-tokens/-/js-tokens-4.0.0.tgz 0ms (cache hit)
250 http cache is-wsl@https://registry.npmjs.org/is-wsl/-/is-wsl-3.1.1.tgz 0ms (cache hit)
251 http cache is-weakset@https://registry.npmjs.org/is-weakset/-/is-weakset-2.0.4.tgz 0ms (cache hit)
252 http cache json5@https://registry.npmjs.org/json5/-/json5-2.2.3.tgz 0ms (cache hit)
253 http cache is-weakref@https://registry.npmjs.org/is-weakref/-/is-weakref-1.1.1.tgz 0ms (cache hit)
254 http cache is-unicode-supported@https://registry.npmjs.org/is-unicode-supported/-/is-unicode-supported-2.1.0.tgz 0ms (cache hit)
255 http cache is-symbol@https://registry.npmjs.org/is-symbol/-/is-symbol-1.1.1.tgz 0ms (cache hit)
256 http cache is-string@https://registry.npmjs.org/is-string/-/is-string-1.1.1.tgz 0ms (cache hit)
257 http cache is-weakmap@https://registry.npmjs.org/is-weakmap/-/is-weakmap-2.0.2.tgz 0ms (cache hit)
258 http cache is-stream@https://registry.npmjs.org/is-stream/-/is-stream-4.0.1.tgz 0ms (cache hit)
259 http cache is-shared-array-buffer@https://registry.npmjs.org/is-shared-array-buffer/-/is-shared-array-buffer-1.0.4.tgz 0ms (cache hit)
260 http cache is-set@https://registry.npmjs.org/is-set/-/is-set-2.0.3.tgz 0ms (cache hit)
261 http cache is-regexp@https://registry.npmjs.org/is-regexp/-/is-regexp-3.1.0.tgz 0ms (cache hit)
262 http cache is-plain-obj@https://registry.npmjs.org/is-plain-obj/-/is-plain-obj-4.1.0.tgz 0ms (cache hit)
263 http cache is-obj@https://registry.npmjs.org/is-obj/-/is-obj-3.0.0.tgz 0ms (cache hit)
264 http cache is-promise@https://registry.npmjs.org/is-promise/-/is-promise-4.0.0.tgz 0ms (cache hit)
265 http cache is-number-object@https://registry.npmjs.org/is-number-object/-/is-number-object-1.1.1.tgz 0ms (cache hit)
266 http cache is-node-process@https://registry.npmjs.org/is-node-process/-/is-node-process-1.2.0.tgz 0ms (cache hit)
267 http cache is-number@https://registry.npmjs.org/is-number/-/is-number-7.0.0.tgz 0ms (cache hit)
268 http cache is-map@https://registry.npmjs.org/is-map/-/is-map-2.0.3.tgz 0ms (cache hit)
269 http cache is-interactive@https://registry.npmjs.org/is-interactive/-/is-interactive-2.0.0.tgz 0ms (cache hit)
270 http cache is-inside-container@https://registry.npmjs.org/is-inside-container/-/is-inside-container-1.0.0.tgz 0ms (cache hit)
271 http cache is-negative-zero@https://registry.npmjs.org/is-negative-zero/-/is-negative-zero-2.0.3.tgz 0ms (cache hit)
272 http cache is-in-ssh@https://registry.npmjs.org/is-in-ssh/-/is-in-ssh-1.0.0.tgz 0ms (cache hit)
273 http cache is-typed-array@https://registry.npmjs.org/is-typed-array/-/is-typed-array-1.1.15.tgz 0ms (cache hit)
274 http cache is-glob@https://registry.npmjs.org/is-glob/-/is-glob-4.0.3.tgz 0ms (cache hit)
275 http cache is-regex@https://registry.npmjs.org/is-regex/-/is-regex-1.2.1.tgz 0ms (cache hit)
276 http cache is-generator-function@https://registry.npmjs.org/is-generator-function/-/is-generator-function-1.1.2.tgz 0ms (cache hit)
277 http cache is-fullwidth-code-point@https://registry.npmjs.org/is-fullwidth-code-point/-/is-fullwidth-code-point-3.0.0.tgz 0ms (cache hit)
278 http cache is-finalizationregistry@https://registry.npmjs.org/is-finalizationregistry/-/is-finalizationregistry-1.1.1.tgz 0ms (cache hit)
279 http cache is-extglob@https://registry.npmjs.org/is-extglob/-/is-extglob-2.1.1.tgz 0ms (cache hit)
280 http cache is-date-object@https://registry.npmjs.org/is-date-object/-/is-date-object-1.1.0.tgz 0ms (cache hit)
281 http cache is-core-module@https://registry.npmjs.org/is-core-module/-/is-core-module-2.16.1.tgz 0ms (cache hit)
282 http cache is-data-view@https://registry.npmjs.org/is-data-view/-/is-data-view-1.0.2.tgz 0ms (cache hit)
283 http cache is-callable@https://registry.npmjs.org/is-callable/-/is-callable-1.2.7.tgz 0ms (cache hit)
284 http cache is-boolean-object@https://registry.npmjs.org/is-boolean-object/-/is-boolean-object-1.2.2.tgz 0ms (cache hit)
285 http cache is-docker@https://registry.npmjs.org/is-docker/-/is-docker-3.0.0.tgz 0ms (cache hit)
286 http cache is-bigint@https://registry.npmjs.org/is-bigint/-/is-bigint-1.1.0.tgz 0ms (cache hit)
287 http cache is-arrayish@https://registry.npmjs.org/is-arrayish/-/is-arrayish-0.2.1.tgz 0ms (cache hit)
288 http cache is-async-function@https://registry.npmjs.org/is-async-function/-/is-async-function-2.1.1.tgz 0ms (cache hit)
289 http cache is-array-buffer@https://registry.npmjs.org/is-array-buffer/-/is-array-buffer-3.0.5.tgz 0ms (cache hit)
290 http cache ipaddr.js@https://registry.npmjs.org/ipaddr.js/-/ipaddr.js-1.9.1.tgz 0ms (cache hit)
291 http cache is-bun-module@https://registry.npmjs.org/is-bun-module/-/is-bun-module-2.0.0.tgz 0ms (cache hit)
292 http cache iobuffer@https://registry.npmjs.org/iobuffer/-/iobuffer-5.4.0.tgz 0ms (cache hit)
293 http cache inherits@https://registry.npmjs.org/inherits/-/inherits-2.0.4.tgz 0ms (cache hit)
294 http cache ip-address@https://registry.npmjs.org/ip-address/-/ip-address-10.1.0.tgz 0ms (cache hit)
295 http cache internal-slot@https://registry.npmjs.org/internal-slot/-/internal-slot-1.1.0.tgz 0ms (cache hit)
296 http cache import-fresh@https://registry.npmjs.org/import-fresh/-/import-fresh-3.3.1.tgz 0ms (cache hit)
297 http cache ignore@https://registry.npmjs.org/ignore/-/ignore-5.3.2.tgz 0ms (cache hit)
298 http cache iceberg-js@https://registry.npmjs.org/iceberg-js/-/iceberg-js-0.8.1.tgz 0ms (cache hit)
299 http cache http-errors@https://registry.npmjs.org/http-errors/-/http-errors-2.0.1.tgz 0ms (cache hit)
300 http cache human-signals@https://registry.npmjs.org/human-signals/-/human-signals-8.0.1.tgz 0ms (cache hit)
301 http cache imurmurhash@https://registry.npmjs.org/imurmurhash/-/imurmurhash-0.1.4.tgz 0ms (cache hit)
302 http cache https-proxy-agent@https://registry.npmjs.org/https-proxy-agent/-/https-proxy-agent-7.0.6.tgz 0ms (cache hit)
303 http cache iconv-lite@https://registry.npmjs.org/iconv-lite/-/iconv-lite-0.7.2.tgz 0ms (cache hit)
304 http cache html2canvas@https://registry.npmjs.org/html2canvas/-/html2canvas-1.4.1.tgz 0ms (cache hit)
305 http cache hono@https://registry.npmjs.org/hono/-/hono-4.12.16.tgz 0ms (cache hit)
306 http cache hermes-estree@https://registry.npmjs.org/hermes-estree/-/hermes-estree-0.25.1.tgz 0ms (cache hit)
307 http cache headers-polyfill@https://registry.npmjs.org/headers-polyfill/-/headers-polyfill-5.0.1.tgz 0ms (cache hit)
308 http cache hasown@https://registry.npmjs.org/hasown/-/hasown-2.0.3.tgz 0ms (cache hit)
309 http cache has-tostringtag@https://registry.npmjs.org/has-tostringtag/-/has-tostringtag-1.0.2.tgz 0ms (cache hit)
310 http cache has-symbols@https://registry.npmjs.org/has-symbols/-/has-symbols-1.1.0.tgz 0ms (cache hit)
311 http cache has-property-descriptors@https://registry.npmjs.org/has-property-descriptors/-/has-property-descriptors-1.0.2.tgz 0ms (cache hit)
312 http cache has-proto@https://registry.npmjs.org/has-proto/-/has-proto-1.2.0.tgz 0ms (cache hit)
313 http cache hermes-parser@https://registry.npmjs.org/hermes-parser/-/hermes-parser-0.25.1.tgz 0ms (cache hit)
314 http cache has-flag@https://registry.npmjs.org/has-flag/-/has-flag-4.0.0.tgz 0ms (cache hit)
315 http cache has-bigints@https://registry.npmjs.org/has-bigints/-/has-bigints-1.1.0.tgz 0ms (cache hit)
316 http cache graphql@https://registry.npmjs.org/graphql/-/graphql-16.13.2.tgz 0ms (cache hit)
317 http cache gopd@https://registry.npmjs.org/gopd/-/gopd-1.2.0.tgz 0ms (cache hit)
318 http cache globals@https://registry.npmjs.org/globals/-/globals-14.0.0.tgz 0ms (cache hit)
319 http cache globalthis@https://registry.npmjs.org/globalthis/-/globalthis-1.0.4.tgz 0ms (cache hit)
320 http cache glob-parent@https://registry.npmjs.org/glob-parent/-/glob-parent-6.0.2.tgz 0ms (cache hit)
321 http cache get-tsconfig@https://registry.npmjs.org/get-tsconfig/-/get-tsconfig-4.14.0.tgz 0ms (cache hit)
322 http cache get-own-enumerable-keys@https://registry.npmjs.org/get-own-enumerable-keys/-/get-own-enumerable-keys-1.0.0.tgz 0ms (cache hit)
323 http cache get-stream@https://registry.npmjs.org/get-stream/-/get-stream-9.0.1.tgz 0ms (cache hit)
324 http cache graceful-fs@https://registry.npmjs.org/graceful-fs/-/graceful-fs-4.2.11.tgz 0ms (cache hit)
325 http cache get-intrinsic@https://registry.npmjs.org/get-intrinsic/-/get-intrinsic-1.3.0.tgz 0ms (cache hit)
326 http cache get-east-asian-width@https://registry.npmjs.org/get-east-asian-width/-/get-east-asian-width-1.5.0.tgz 0ms (cache hit)
327 http cache get-symbol-description@https://registry.npmjs.org/get-symbol-description/-/get-symbol-description-1.1.0.tgz 0ms (cache hit)
328 http cache get-caller-file@https://registry.npmjs.org/get-caller-file/-/get-caller-file-2.0.5.tgz 0ms (cache hit)
329 http cache gensync@https://registry.npmjs.org/gensync/-/gensync-1.0.0-beta.2.tgz 0ms (cache hit)
330 http cache generator-function@https://registry.npmjs.org/generator-function/-/generator-function-2.0.1.tgz 0ms (cache hit)
331 http cache functions-have-names@https://registry.npmjs.org/functions-have-names/-/functions-have-names-1.2.3.tgz 0ms (cache hit)
332 http cache function.prototype.name@https://registry.npmjs.org/function.prototype.name/-/function.prototype.name-1.1.8.tgz 0ms (cache hit)
333 http cache fuzzysort@https://registry.npmjs.org/fuzzysort/-/fuzzysort-3.1.0.tgz 0ms (cache hit)
334 http cache get-proto@https://registry.npmjs.org/get-proto/-/get-proto-1.0.1.tgz 0ms (cache hit)
335 http cache forwarded@https://registry.npmjs.org/forwarded/-/forwarded-0.2.0.tgz 0ms (cache hit)
336 http cache function-bind@https://registry.npmjs.org/function-bind/-/function-bind-1.1.2.tgz 0ms (cache hit)
337 http cache fs-extra@https://registry.npmjs.org/fs-extra/-/fs-extra-11.3.4.tgz 0ms (cache hit)
338 http cache flatted@https://registry.npmjs.org/flatted/-/flatted-3.4.2.tgz 0ms (cache hit)
339 http cache fresh@https://registry.npmjs.org/fresh/-/fresh-2.0.0.tgz 0ms (cache hit)
340 http cache flat-cache@https://registry.npmjs.org/flat-cache/-/flat-cache-4.0.1.tgz 0ms (cache hit)
341 http cache find-up@https://registry.npmjs.org/find-up/-/find-up-5.0.0.tgz 0ms (cache hit)
342 http cache for-each@https://registry.npmjs.org/for-each/-/for-each-0.3.5.tgz 0ms (cache hit)
343 http cache fill-range@https://registry.npmjs.org/fill-range/-/fill-range-7.1.1.tgz 0ms (cache hit)
344 http cache file-entry-cache@https://registry.npmjs.org/file-entry-cache/-/file-entry-cache-8.0.0.tgz 0ms (cache hit)
345 http cache figures@https://registry.npmjs.org/figures/-/figures-6.1.0.tgz 0ms (cache hit)
346 http cache finalhandler@https://registry.npmjs.org/finalhandler/-/finalhandler-2.1.1.tgz 0ms (cache hit)
347 http cache fflate@https://registry.npmjs.org/fflate/-/fflate-0.8.2.tgz 0ms (cache hit)
348 http cache fetch-blob@https://registry.npmjs.org/fetch-blob/-/fetch-blob-3.2.0.tgz 0ms (cache hit)
349 http cache fast-wrap-ansi@https://registry.npmjs.org/fast-wrap-ansi/-/fast-wrap-ansi-0.2.0.tgz 0ms (cache hit)
350 http cache fastq@https://registry.npmjs.org/fastq/-/fastq-1.20.1.tgz 0ms (cache hit)
351 http cache fast-uri@https://registry.npmjs.org/fast-uri/-/fast-uri-3.1.0.tgz 0ms (cache hit)
352 http cache fast-levenshtein@https://registry.npmjs.org/fast-levenshtein/-/fast-levenshtein-2.0.6.tgz 0ms (cache hit)
353 http cache fast-png@https://registry.npmjs.org/fast-png/-/fast-png-6.4.0.tgz 0ms (cache hit)
354 http cache formdata-polyfill@https://registry.npmjs.org/formdata-polyfill/-/formdata-polyfill-4.0.10.tgz 0ms (cache hit)
355 http cache fast-json-stable-stringify@https://registry.npmjs.org/fast-json-stable-stringify/-/fast-json-stable-stringify-2.1.0.tgz 0ms (cache hit)
356 http cache fast-deep-equal@https://registry.npmjs.org/fast-deep-equal/-/fast-deep-equal-3.1.3.tgz 0ms (cache hit)
357 http cache fast-glob@https://registry.npmjs.org/fast-glob/-/fast-glob-3.3.1.tgz 0ms (cache hit)
358 http cache fast-string-truncated-width@https://registry.npmjs.org/fast-string-truncated-width/-/fast-string-truncated-width-3.0.3.tgz 0ms (cache hit)
359 http cache express@https://registry.npmjs.org/express/-/express-5.2.1.tgz 0ms (cache hit)
360 http cache express-rate-limit@https://registry.npmjs.org/express-rate-limit/-/express-rate-limit-8.4.1.tgz 0ms (cache hit)
361 http cache execa@https://registry.npmjs.org/execa/-/execa-9.6.1.tgz 0ms (cache hit)
362 http cache eventsource-parser@https://registry.npmjs.org/eventsource-parser/-/eventsource-parser-3.0.8.tgz 0ms (cache hit)
363 http cache etag@https://registry.npmjs.org/etag/-/etag-1.8.1.tgz 0ms (cache hit)
364 http cache fast-string-width@https://registry.npmjs.org/fast-string-width/-/fast-string-width-3.0.2.tgz 0ms (cache hit)
365 http cache esquery@https://registry.npmjs.org/esquery/-/esquery-1.7.0.tgz 0ms (cache hit)
366 http cache estraverse@https://registry.npmjs.org/estraverse/-/estraverse-5.3.0.tgz 0ms (cache hit)
367 http cache esrecurse@https://registry.npmjs.org/esrecurse/-/esrecurse-4.3.0.tgz 0ms (cache hit)
368 http cache eventsource@https://registry.npmjs.org/eventsource/-/eventsource-3.0.7.tgz 0ms (cache hit)
369 http cache eslint-visitor-keys@https://registry.npmjs.org/eslint-visitor-keys/-/eslint-visitor-keys-4.2.1.tgz 0ms (cache hit)
370 http cache espree@https://registry.npmjs.org/espree/-/espree-10.4.0.tgz 0ms (cache hit)
371 http cache eslint-scope@https://registry.npmjs.org/eslint-scope/-/eslint-scope-8.4.0.tgz 0ms (cache hit)
372 http cache eslint-plugin-react@https://registry.npmjs.org/eslint-plugin-react/-/eslint-plugin-react-7.37.5.tgz 0ms (cache hit)
373 http cache eslint-plugin-react-hooks@https://registry.npmjs.org/eslint-plugin-react-hooks/-/eslint-plugin-react-hooks-7.1.1.tgz 0ms (cache hit)
374 http cache esutils@https://registry.npmjs.org/esutils/-/esutils-2.0.3.tgz 0ms (cache hit)
375 http cache esprima@https://registry.npmjs.org/esprima/-/esprima-4.0.1.tgz 0ms (cache hit)
376 http cache eslint-plugin-jsx-a11y@https://registry.npmjs.org/eslint-plugin-jsx-a11y/-/eslint-plugin-jsx-a11y-6.10.2.tgz 0ms (cache hit)
377 http cache eslint-plugin-import@https://registry.npmjs.org/eslint-plugin-import/-/eslint-plugin-import-2.32.0.tgz 0ms (cache hit)
378 http cache eslint-module-utils@https://registry.npmjs.org/eslint-module-utils/-/eslint-module-utils-2.12.1.tgz 0ms (cache hit)
379 http cache eslint-import-resolver-node@https://registry.npmjs.org/eslint-import-resolver-node/-/eslint-import-resolver-node-0.3.10.tgz 0ms (cache hit)
380 http cache eslint-config-next@https://registry.npmjs.org/eslint-config-next/-/eslint-config-next-16.2.4.tgz 0ms (cache hit)
381 http cache escape-string-regexp@https://registry.npmjs.org/escape-string-regexp/-/escape-string-regexp-4.0.0.tgz 0ms (cache hit)
382 http cache escalade@https://registry.npmjs.org/escalade/-/escalade-3.2.0.tgz 0ms (cache hit)
383 http cache es-to-primitive@https://registry.npmjs.org/es-to-primitive/-/es-to-primitive-1.3.0.tgz 0ms (cache hit)
384 http cache es-shim-unscopables@https://registry.npmjs.org/es-shim-unscopables/-/es-shim-unscopables-1.1.0.tgz 0ms (cache hit)
385 http cache escape-html@https://registry.npmjs.org/escape-html/-/escape-html-1.0.3.tgz 0ms (cache hit)
386 http cache es-set-tostringtag@https://registry.npmjs.org/es-set-tostringtag/-/es-set-tostringtag-2.1.0.tgz 0ms (cache hit)
387 http cache eslint-import-resolver-typescript@https://registry.npmjs.org/eslint-import-resolver-typescript/-/eslint-import-resolver-typescript-3.10.1.tgz 0ms (cache hit)
388 http cache es-object-atoms@https://registry.npmjs.org/es-object-atoms/-/es-object-atoms-1.1.1.tgz 0ms (cache hit)
389 http cache es-iterator-helpers@https://registry.npmjs.org/es-iterator-helpers/-/es-iterator-helpers-1.3.2.tgz 0ms (cache hit)
390 http cache eslint@https://registry.npmjs.org/eslint/-/eslint-9.39.4.tgz 0ms (cache hit)
391 http cache error-ex@https://registry.npmjs.org/error-ex/-/error-ex-1.3.4.tgz 0ms (cache hit)
392 http cache es-abstract@https://registry.npmjs.org/es-abstract/-/es-abstract-1.24.2.tgz 0ms (cache hit)
393 http cache es-define-property@https://registry.npmjs.org/es-define-property/-/es-define-property-1.0.1.tgz 0ms (cache hit)
394 http cache es-errors@https://registry.npmjs.org/es-errors/-/es-errors-1.3.0.tgz 0ms (cache hit)
395 http cache emoji-regex@https://registry.npmjs.org/emoji-regex/-/emoji-regex-9.2.2.tgz 0ms (cache hit)
396 http cache electron-to-chromium@https://registry.npmjs.org/electron-to-chromium/-/electron-to-chromium-1.5.349.tgz 0ms (cache hit)
397 http cache env-paths@https://registry.npmjs.org/env-paths/-/env-paths-2.2.1.tgz 0ms (cache hit)
398 http cache eciesjs@https://registry.npmjs.org/eciesjs/-/eciesjs-0.4.18.tgz 0ms (cache hit)
399 http cache dunder-proto@https://registry.npmjs.org/dunder-proto/-/dunder-proto-1.0.1.tgz 0ms (cache hit)
400 http cache encodeurl@https://registry.npmjs.org/encodeurl/-/encodeurl-2.0.0.tgz 0ms (cache hit)
401 http cache doctrine@https://registry.npmjs.org/doctrine/-/doctrine-2.1.0.tgz 0ms (cache hit)
402 http cache dompurify@https://registry.npmjs.org/dompurify/-/dompurify-3.4.2.tgz 0ms (cache hit)
403 http cache diff@https://registry.npmjs.org/diff/-/diff-8.0.4.tgz 0ms (cache hit)
404 http cache enhanced-resolve@https://registry.npmjs.org/enhanced-resolve/-/enhanced-resolve-5.21.0.tgz 0ms (cache hit)
405 http cache dexie-react-hooks@https://registry.npmjs.org/dexie-react-hooks/-/dexie-react-hooks-4.4.0.tgz 0ms (cache hit)
406 http cache ee-first@https://registry.npmjs.org/ee-first/-/ee-first-1.1.1.tgz 0ms (cache hit)
407 http cache dexie@https://registry.npmjs.org/dexie/-/dexie-4.4.2.tgz 0ms (cache hit)
408 http cache detect-libc@https://registry.npmjs.org/detect-libc/-/detect-libc-2.1.2.tgz 0ms (cache hit)
409 http cache dotenv@https://registry.npmjs.org/dotenv/-/dotenv-17.4.2.tgz 0ms (cache hit)
410 http cache define-properties@https://registry.npmjs.org/define-properties/-/define-properties-1.2.1.tgz 0ms (cache hit)
411 http cache define-lazy-prop@https://registry.npmjs.org/define-lazy-prop/-/define-lazy-prop-3.0.0.tgz 0ms (cache hit)
412 http cache define-data-property@https://registry.npmjs.org/define-data-property/-/define-data-property-1.1.4.tgz 0ms (cache hit)
413 http cache default-browser-id@https://registry.npmjs.org/default-browser-id/-/default-browser-id-5.0.1.tgz 0ms (cache hit)
414 http cache deep-is@https://registry.npmjs.org/deep-is/-/deep-is-0.1.4.tgz 0ms (cache hit)
415 http cache default-browser@https://registry.npmjs.org/default-browser/-/default-browser-5.5.0.tgz 0ms (cache hit)
416 http cache depd@https://registry.npmjs.org/depd/-/depd-2.0.0.tgz 0ms (cache hit)
417 http cache dedent@https://registry.npmjs.org/dedent/-/dedent-1.7.2.tgz 0ms (cache hit)
418 http cache debug@https://registry.npmjs.org/debug/-/debug-4.4.3.tgz 0ms (cache hit)
419 http cache data-view-byte-offset@https://registry.npmjs.org/data-view-byte-offset/-/data-view-byte-offset-1.0.1.tgz 0ms (cache hit)
420 http cache data-uri-to-buffer@https://registry.npmjs.org/data-uri-to-buffer/-/data-uri-to-buffer-4.0.1.tgz 0ms (cache hit)
421 http cache data-view-buffer@https://registry.npmjs.org/data-view-buffer/-/data-view-buffer-1.0.2.tgz 0ms (cache hit)
422 http cache data-view-byte-length@https://registry.npmjs.org/data-view-byte-length/-/data-view-byte-length-1.0.2.tgz 0ms (cache hit)
423 http cache damerau-levenshtein@https://registry.npmjs.org/damerau-levenshtein/-/damerau-levenshtein-1.0.8.tgz 0ms (cache hit)
424 http cache cssesc@https://registry.npmjs.org/cssesc/-/cssesc-3.0.0.tgz 0ms (cache hit)
425 http cache css-line-break@https://registry.npmjs.org/css-line-break/-/css-line-break-2.1.0.tgz 0ms (cache hit)
426 http cache deepmerge@https://registry.npmjs.org/deepmerge/-/deepmerge-4.3.1.tgz 0ms (cache hit)
427 http cache cosmiconfig@https://registry.npmjs.org/cosmiconfig/-/cosmiconfig-9.0.1.tgz 0ms (cache hit)
428 http cache cookie-signature@https://registry.npmjs.org/cookie-signature/-/cookie-signature-1.2.2.tgz 0ms (cache hit)
429 http cache cors@https://registry.npmjs.org/cors/-/cors-2.8.6.tgz 0ms (cache hit)
430 http cache cookie@https://registry.npmjs.org/cookie/-/cookie-0.7.2.tgz 0ms (cache hit)
431 http cache content-type@https://registry.npmjs.org/content-type/-/content-type-1.0.5.tgz 0ms (cache hit)
432 http cache core-js@https://registry.npmjs.org/core-js/-/core-js-3.49.0.tgz 0ms (cache hit)
433 http cache convert-source-map@https://registry.npmjs.org/convert-source-map/-/convert-source-map-2.0.0.tgz 0ms (cache hit)
434 http cache commander@https://registry.npmjs.org/commander/-/commander-14.0.3.tgz 0ms (cache hit)
435 http cache content-disposition@https://registry.npmjs.org/content-disposition/-/content-disposition-1.1.0.tgz 0ms (cache hit)
436 http cache cross-spawn@https://registry.npmjs.org/cross-spawn/-/cross-spawn-7.0.6.tgz 0ms (cache hit)
437 http cache concat-map@https://registry.npmjs.org/concat-map/-/concat-map-0.0.1.tgz 0ms (cache hit)
438 http cache code-block-writer@https://registry.npmjs.org/code-block-writer/-/code-block-writer-13.0.3.tgz 0ms (cache hit)
439 http cache clsx@https://registry.npmjs.org/clsx/-/clsx-2.1.1.tgz 0ms (cache hit)
440 http cache cliui@https://registry.npmjs.org/cliui/-/cliui-8.0.1.tgz 0ms (cache hit)
441 http cache client-only@https://registry.npmjs.org/client-only/-/client-only-0.0.1.tgz 0ms (cache hit)
442 http cache color-name@https://registry.npmjs.org/color-name/-/color-name-1.1.4.tgz 0ms (cache hit)
443 http cache cli-width@https://registry.npmjs.org/cli-width/-/cli-width-4.1.0.tgz 0ms (cache hit)
444 http cache cli-spinners@https://registry.npmjs.org/cli-spinners/-/cli-spinners-2.9.2.tgz 0ms (cache hit)
445 http cache cli-cursor@https://registry.npmjs.org/cli-cursor/-/cli-cursor-5.0.0.tgz 0ms (cache hit)
446 http cache canvg@https://registry.npmjs.org/canvg/-/canvg-3.0.11.tgz 0ms (cache hit)
447 http cache chalk@https://registry.npmjs.org/chalk/-/chalk-4.1.2.tgz 0ms (cache hit)
448 http cache callsites@https://registry.npmjs.org/callsites/-/callsites-3.1.0.tgz 0ms (cache hit)
449 http cache color-convert@https://registry.npmjs.org/color-convert/-/color-convert-2.0.1.tgz 0ms (cache hit)
450 http cache call-bound@https://registry.npmjs.org/call-bound/-/call-bound-1.0.4.tgz 0ms (cache hit)
451 http cache class-variance-authority@https://registry.npmjs.org/class-variance-authority/-/class-variance-authority-0.7.1.tgz 0ms (cache hit)
452 http cache call-bind-apply-helpers@https://registry.npmjs.org/call-bind-apply-helpers/-/call-bind-apply-helpers-1.0.2.tgz 0ms (cache hit)
453 http cache call-bind@https://registry.npmjs.org/call-bind/-/call-bind-1.0.9.tgz 0ms (cache hit)
454 http cache bytes@https://registry.npmjs.org/bytes/-/bytes-3.1.2.tgz 0ms (cache hit)
455 http cache bundle-name@https://registry.npmjs.org/bundle-name/-/bundle-name-4.1.0.tgz 0ms (cache hit)
456 http cache braces@https://registry.npmjs.org/braces/-/braces-3.0.3.tgz 0ms (cache hit)
457 http cache brace-expansion@https://registry.npmjs.org/brace-expansion/-/brace-expansion-1.1.14.tgz 0ms (cache hit)
458 http cache browserslist@https://registry.npmjs.org/browserslist/-/browserslist-4.28.2.tgz 0ms (cache hit)
459 http cache body-parser@https://registry.npmjs.org/body-parser/-/body-parser-2.2.2.tgz 0ms (cache hit)
460 http cache baseline-browser-mapping@https://registry.npmjs.org/baseline-browser-mapping/-/baseline-browser-mapping-2.10.25.tgz 0ms (cache hit)
461 http cache balanced-match@https://registry.npmjs.org/balanced-match/-/balanced-match-1.0.2.tgz 0ms (cache hit)
462 http cache axobject-query@https://registry.npmjs.org/axobject-query/-/axobject-query-4.1.0.tgz 0ms (cache hit)
463 http cache axe-core@https://registry.npmjs.org/axe-core/-/axe-core-4.11.4.tgz 0ms (cache hit)
464 http cache available-typed-arrays@https://registry.npmjs.org/available-typed-arrays/-/available-typed-arrays-1.0.7.tgz 0ms (cache hit)
465 http cache caniuse-lite@https://registry.npmjs.org/caniuse-lite/-/caniuse-lite-1.0.30001791.tgz 0ms (cache hit)
466 http cache async-function@https://registry.npmjs.org/async-function/-/async-function-1.0.0.tgz 0ms (cache hit)
467 http cache arraybuffer.prototype.slice@https://registry.npmjs.org/arraybuffer.prototype.slice/-/arraybuffer.prototype.slice-1.0.4.tgz 0ms (cache hit)
468 http cache base64-arraybuffer@https://registry.npmjs.org/base64-arraybuffer/-/base64-arraybuffer-1.0.2.tgz 0ms (cache hit)
469 http cache ast-types@https://registry.npmjs.org/ast-types/-/ast-types-0.16.1.tgz 0ms (cache hit)
470 http cache array.prototype.findlastindex@https://registry.npmjs.org/array.prototype.findlastindex/-/array.prototype.findlastindex-1.2.6.tgz 0ms (cache hit)
471 http cache array.prototype.flatmap@https://registry.npmjs.org/array.prototype.flatmap/-/array.prototype.flatmap-1.3.3.tgz 0ms (cache hit)
472 http cache array.prototype.findlast@https://registry.npmjs.org/array.prototype.findlast/-/array.prototype.findlast-1.2.5.tgz 0ms (cache hit)
473 http cache array.prototype.tosorted@https://registry.npmjs.org/array.prototype.tosorted/-/array.prototype.tosorted-1.1.4.tgz 0ms (cache hit)
474 http cache ast-types-flow@https://registry.npmjs.org/ast-types-flow/-/ast-types-flow-0.0.8.tgz 0ms (cache hit)
475 http cache array-includes@https://registry.npmjs.org/array-includes/-/array-includes-3.1.9.tgz 0ms (cache hit)
476 http cache array-buffer-byte-length@https://registry.npmjs.org/array-buffer-byte-length/-/array-buffer-byte-length-1.0.2.tgz 0ms (cache hit)
477 http cache argparse@https://registry.npmjs.org/argparse/-/argparse-2.0.1.tgz 0ms (cache hit)
478 http cache ansi-styles@https://registry.npmjs.org/ansi-styles/-/ansi-styles-4.3.0.tgz 0ms (cache hit)
479 http cache aria-query@https://registry.npmjs.org/aria-query/-/aria-query-5.3.2.tgz 0ms (cache hit)
480 http cache ansi-regex@https://registry.npmjs.org/ansi-regex/-/ansi-regex-6.2.2.tgz 0ms (cache hit)
481 http cache ajv-formats@https://registry.npmjs.org/ajv-formats/-/ajv-formats-3.0.1.tgz 0ms (cache hit)
482 http cache agent-base@https://registry.npmjs.org/agent-base/-/agent-base-7.1.4.tgz 0ms (cache hit)
483 http cache array.prototype.flat@https://registry.npmjs.org/array.prototype.flat/-/array.prototype.flat-1.3.3.tgz 0ms (cache hit)
484 http cache acorn@https://registry.npmjs.org/acorn/-/acorn-8.16.0.tgz 0ms (cache hit)
485 http cache acorn-jsx@https://registry.npmjs.org/acorn-jsx/-/acorn-jsx-5.3.2.tgz 0ms (cache hit)
486 http cache accepts@https://registry.npmjs.org/accepts/-/accepts-2.0.0.tgz 0ms (cache hit)
487 http cache ajv@https://registry.npmjs.org/ajv/-/ajv-6.15.0.tgz 0ms (cache hit)
488 http cache @typescript-eslint/utils@https://registry.npmjs.org/@typescript-eslint/utils/-/utils-8.59.1.tgz 0ms (cache hit)
489 http cache @typescript-eslint/visitor-keys@https://registry.npmjs.org/@typescript-eslint/visitor-keys/-/visitor-keys-8.59.1.tgz 0ms (cache hit)
490 http cache @typescript-eslint/typescript-estree@https://registry.npmjs.org/@typescript-eslint/typescript-estree/-/typescript-estree-8.59.1.tgz 0ms (cache hit)
491 http cache @typescript-eslint/type-utils@https://registry.npmjs.org/@typescript-eslint/type-utils/-/type-utils-8.59.1.tgz 0ms (cache hit)
492 http cache @unrs/resolver-binding-darwin-arm64@https://registry.npmjs.org/@unrs/resolver-binding-darwin-arm64/-/resolver-binding-darwin-arm64-1.11.1.tgz 0ms (cache hit)
493 http cache @typescript-eslint/tsconfig-utils@https://registry.npmjs.org/@typescript-eslint/tsconfig-utils/-/tsconfig-utils-8.59.1.tgz 0ms (cache hit)
494 http cache @typescript-eslint/types@https://registry.npmjs.org/@typescript-eslint/types/-/types-8.59.1.tgz 0ms (cache hit)
495 http cache @typescript-eslint/project-service@https://registry.npmjs.org/@typescript-eslint/project-service/-/project-service-8.59.1.tgz 0ms (cache hit)
496 http cache @typescript-eslint/parser@https://registry.npmjs.org/@typescript-eslint/parser/-/parser-8.59.1.tgz 0ms (cache hit)
497 http cache @typescript-eslint/eslint-plugin@https://registry.npmjs.org/@typescript-eslint/eslint-plugin/-/eslint-plugin-8.59.1.tgz 0ms (cache hit)
498 http cache @types/ws@https://registry.npmjs.org/@types/ws/-/ws-8.18.1.tgz 0ms (cache hit)
499 http cache @types/validate-npm-package-name@https://registry.npmjs.org/@types/validate-npm-package-name/-/validate-npm-package-name-4.0.2.tgz 0ms (cache hit)
500 http cache @types/trusted-types@https://registry.npmjs.org/@types/trusted-types/-/trusted-types-2.0.7.tgz 0ms (cache hit)
501 http cache @types/statuses@https://registry.npmjs.org/@types/statuses/-/statuses-2.0.6.tgz 0ms (cache hit)
502 http cache @types/raf@https://registry.npmjs.org/@types/raf/-/raf-3.4.3.tgz 0ms (cache hit)
503 http cache @types/pako@https://registry.npmjs.org/@types/pako/-/pako-2.0.4.tgz 0ms (cache hit)
504 http cache @types/node@https://registry.npmjs.org/@types/node/-/node-25.6.0.tgz 0ms (cache hit)
505 http cache @types/set-cookie-parser@https://registry.npmjs.org/@types/set-cookie-parser/-/set-cookie-parser-2.4.10.tgz 0ms (cache hit)
506 http cache @types/json5@https://registry.npmjs.org/@types/json5/-/json5-0.0.29.tgz 0ms (cache hit)
507 http cache @types/json-schema@https://registry.npmjs.org/@types/json-schema/-/json-schema-7.0.15.tgz 0ms (cache hit)
508 http cache @types/estree@https://registry.npmjs.org/@types/estree/-/estree-1.0.8.tgz 0ms (cache hit)
509 http cache @tybys/wasm-util@https://registry.npmjs.org/@tybys/wasm-util/-/wasm-util-0.10.1.tgz 0ms (cache hit)
510 http cache @ts-morph/common@https://registry.npmjs.org/@ts-morph/common/-/common-0.27.0.tgz 0ms (cache hit)
511 http cache @tailwindcss/oxide@https://registry.npmjs.org/@tailwindcss/oxide/-/oxide-4.2.4.tgz 0ms (cache hit)
512 http cache @tailwindcss/postcss@https://registry.npmjs.org/@tailwindcss/postcss/-/postcss-4.2.4.tgz 0ms (cache hit)
513 http cache @tailwindcss/node@https://registry.npmjs.org/@tailwindcss/node/-/node-4.2.4.tgz 0ms (cache hit)
514 http cache @tailwindcss/oxide-darwin-arm64@https://registry.npmjs.org/@tailwindcss/oxide-darwin-arm64/-/oxide-darwin-arm64-4.2.4.tgz 0ms (cache hit)
515 http cache @swc/helpers@https://registry.npmjs.org/@swc/helpers/-/helpers-0.5.15.tgz 0ms (cache hit)
516 http cache @supabase/supabase-js@https://registry.npmjs.org/@supabase/supabase-js/-/supabase-js-2.105.1.tgz 0ms (cache hit)
517 http cache @supabase/realtime-js@https://registry.npmjs.org/@supabase/realtime-js/-/realtime-js-2.105.1.tgz 0ms (cache hit)
518 http cache @supabase/storage-js@https://registry.npmjs.org/@supabase/storage-js/-/storage-js-2.105.1.tgz 0ms (cache hit)
519 http cache @supabase/postgrest-js@https://registry.npmjs.org/@supabase/postgrest-js/-/postgrest-js-2.105.1.tgz 0ms (cache hit)
520 http cache @supabase/functions-js@https://registry.npmjs.org/@supabase/functions-js/-/functions-js-2.105.1.tgz 0ms (cache hit)
521 http cache @sec-ant/readable-stream@https://registry.npmjs.org/@sec-ant/readable-stream/-/readable-stream-0.4.1.tgz 0ms (cache hit)
522 http cache @sindresorhus/merge-streams@https://registry.npmjs.org/@sindresorhus/merge-streams/-/merge-streams-4.0.0.tgz 0ms (cache hit)
523 http cache @rtsao/scc@https://registry.npmjs.org/@rtsao/scc/-/scc-1.1.0.tgz 0ms (cache hit)
524 http cache @open-draft/until@https://registry.npmjs.org/@open-draft/until/-/until-2.1.0.tgz 0ms (cache hit)
525 http cache @supabase/auth-js@https://registry.npmjs.org/@supabase/auth-js/-/auth-js-2.105.1.tgz 0ms (cache hit)
526 http cache @supabase/phoenix@https://registry.npmjs.org/@supabase/phoenix/-/phoenix-0.4.1.tgz 0ms (cache hit)
527 http cache @open-draft/logger@https://registry.npmjs.org/@open-draft/logger/-/logger-0.3.0.tgz 0ms (cache hit)
528 http cache @nolyfill/is-core-module@https://registry.npmjs.org/@nolyfill/is-core-module/-/is-core-module-1.0.39.tgz 0ms (cache hit)
529 http cache @nodelib/fs.walk@https://registry.npmjs.org/@nodelib/fs.walk/-/fs.walk-1.2.8.tgz 0ms (cache hit)
530 http cache @nodelib/fs.stat@https://registry.npmjs.org/@nodelib/fs.stat/-/fs.stat-2.0.5.tgz 0ms (cache hit)
531 http cache @noble/hashes@https://registry.npmjs.org/@noble/hashes/-/hashes-1.8.0.tgz 0ms (cache hit)
532 http cache @noble/curves@https://registry.npmjs.org/@noble/curves/-/curves-1.9.7.tgz 0ms (cache hit)
533 http cache @nodelib/fs.scandir@https://registry.npmjs.org/@nodelib/fs.scandir/-/fs.scandir-2.1.5.tgz 0ms (cache hit)
534 http cache @open-draft/deferred-promise@https://registry.npmjs.org/@open-draft/deferred-promise/-/deferred-promise-3.0.0.tgz 0ms (cache hit)
535 http cache @next/eslint-plugin-next@https://registry.npmjs.org/@next/eslint-plugin-next/-/eslint-plugin-next-16.2.4.tgz 0ms (cache hit)
536 http cache @typescript-eslint/scope-manager@https://registry.npmjs.org/@typescript-eslint/scope-manager/-/scope-manager-8.59.1.tgz 0ms (cache hit)
537 http cache @noble/ciphers@https://registry.npmjs.org/@noble/ciphers/-/ciphers-1.3.0.tgz 0ms (cache hit)
538 http cache @modelcontextprotocol/sdk@https://registry.npmjs.org/@modelcontextprotocol/sdk/-/sdk-1.29.0.tgz 0ms (cache hit)
539 http cache @mswjs/interceptors@https://registry.npmjs.org/@mswjs/interceptors/-/interceptors-0.41.8.tgz 0ms (cache hit)
540 http cache @next/env@https://registry.npmjs.org/@next/env/-/env-16.2.4.tgz 0ms (cache hit)
541 http cache @next/swc-darwin-arm64@https://registry.npmjs.org/@next/swc-darwin-arm64/-/swc-darwin-arm64-16.2.4.tgz 0ms (cache hit)
542 http cache @jridgewell/sourcemap-codec@https://registry.npmjs.org/@jridgewell/sourcemap-codec/-/sourcemap-codec-1.5.5.tgz 0ms (cache hit)
543 http cache @jridgewell/trace-mapping@https://registry.npmjs.org/@jridgewell/trace-mapping/-/trace-mapping-0.3.31.tgz 0ms (cache hit)
544 http cache @jridgewell/resolve-uri@https://registry.npmjs.org/@jridgewell/resolve-uri/-/resolve-uri-3.1.2.tgz 0ms (cache hit)
545 http cache @inquirer/type@https://registry.npmjs.org/@inquirer/type/-/type-4.0.5.tgz 0ms (cache hit)
546 http cache @jridgewell/gen-mapping@https://registry.npmjs.org/@jridgewell/gen-mapping/-/gen-mapping-0.3.13.tgz 0ms (cache hit)
547 http cache @inquirer/figures@https://registry.npmjs.org/@inquirer/figures/-/figures-2.0.5.tgz 0ms (cache hit)
548 http cache @jridgewell/remapping@https://registry.npmjs.org/@jridgewell/remapping/-/remapping-2.3.5.tgz 0ms (cache hit)
549 http cache @inquirer/ansi@https://registry.npmjs.org/@inquirer/ansi/-/ansi-2.0.5.tgz 0ms (cache hit)
550 http cache @napi-rs/wasm-runtime@https://registry.npmjs.org/@napi-rs/wasm-runtime/-/wasm-runtime-0.2.12.tgz 0ms (cache hit)
551 http cache @inquirer/confirm@https://registry.npmjs.org/@inquirer/confirm/-/confirm-6.0.12.tgz 0ms (cache hit)
552 http cache @inquirer/core@https://registry.npmjs.org/@inquirer/core/-/core-11.1.9.tgz 0ms (cache hit)
553 http cache @img/sharp-libvips-darwin-arm64@https://registry.npmjs.org/@img/sharp-libvips-darwin-arm64/-/sharp-libvips-darwin-arm64-1.2.4.tgz 0ms (cache hit)
554 http cache @img/sharp-darwin-arm64@https://registry.npmjs.org/@img/sharp-darwin-arm64/-/sharp-darwin-arm64-0.34.5.tgz 0ms (cache hit)
555 http cache @humanwhocodes/module-importer@https://registry.npmjs.org/@humanwhocodes/module-importer/-/module-importer-1.0.1.tgz 0ms (cache hit)
556 http cache @humanwhocodes/retry@https://registry.npmjs.org/@humanwhocodes/retry/-/retry-0.4.3.tgz 0ms (cache hit)
557 http cache @humanfs/node@https://registry.npmjs.org/@humanfs/node/-/node-0.16.8.tgz 0ms (cache hit)
558 http cache @humanfs/types@https://registry.npmjs.org/@humanfs/types/-/types-0.15.0.tgz 0ms (cache hit)
559 http cache @img/colour@https://registry.npmjs.org/@img/colour/-/colour-1.1.0.tgz 0ms (cache hit)
560 http cache @floating-ui/utils@https://registry.npmjs.org/@floating-ui/utils/-/utils-0.2.11.tgz 0ms (cache hit)
561 http cache @floating-ui/core@https://registry.npmjs.org/@floating-ui/core/-/core-1.7.5.tgz 0ms (cache hit)
562 http cache @floating-ui/dom@https://registry.npmjs.org/@floating-ui/dom/-/dom-1.7.6.tgz 0ms (cache hit)
563 http cache @eslint/plugin-kit@https://registry.npmjs.org/@eslint/plugin-kit/-/plugin-kit-0.4.1.tgz 0ms (cache hit)
564 http cache @hono/node-server@https://registry.npmjs.org/@hono/node-server/-/node-server-1.19.14.tgz 0ms (cache hit)
565 http cache @eslint/object-schema@https://registry.npmjs.org/@eslint/object-schema/-/object-schema-2.1.7.tgz 0ms (cache hit)
566 http cache @eslint/js@https://registry.npmjs.org/@eslint/js/-/js-9.39.4.tgz 0ms (cache hit)
567 http cache @floating-ui/react-dom@https://registry.npmjs.org/@floating-ui/react-dom/-/react-dom-2.1.8.tgz 0ms (cache hit)
568 http cache @humanfs/core@https://registry.npmjs.org/@humanfs/core/-/core-0.19.2.tgz 0ms (cache hit)
569 http cache @eslint/eslintrc@https://registry.npmjs.org/@eslint/eslintrc/-/eslintrc-3.3.5.tgz 0ms (cache hit)
570 http cache @eslint/core@https://registry.npmjs.org/@eslint/core/-/core-0.17.0.tgz 0ms (cache hit)
571 http cache @emnapi/runtime@https://registry.npmjs.org/@emnapi/runtime/-/runtime-1.10.0.tgz 0ms (cache hit)
572 http cache @eslint-community/regexpp@https://registry.npmjs.org/@eslint-community/regexpp/-/regexpp-4.12.2.tgz 0ms (cache hit)
573 http cache @emnapi/wasi-threads@https://registry.npmjs.org/@emnapi/wasi-threads/-/wasi-threads-1.2.1.tgz 0ms (cache hit)
574 http cache @emnapi/core@https://registry.npmjs.org/@emnapi/core/-/core-1.10.0.tgz 0ms (cache hit)
575 http cache @eslint-community/eslint-utils@https://registry.npmjs.org/@eslint-community/eslint-utils/-/eslint-utils-4.9.1.tgz 0ms (cache hit)
576 http cache @eslint/config-helpers@https://registry.npmjs.org/@eslint/config-helpers/-/config-helpers-0.4.2.tgz 0ms (cache hit)
577 http cache @ecies/ciphers@https://registry.npmjs.org/@ecies/ciphers/-/ciphers-0.2.6.tgz 0ms (cache hit)
578 http cache @eslint/config-array@https://registry.npmjs.org/@eslint/config-array/-/config-array-0.21.2.tgz 0ms (cache hit)
579 http cache @base-ui/utils@https://registry.npmjs.org/@base-ui/utils/-/utils-0.2.8.tgz 0ms (cache hit)
580 http cache @dotenvx/dotenvx@https://registry.npmjs.org/@dotenvx/dotenvx/-/dotenvx-1.64.0.tgz 0ms (cache hit)
581 http cache @babel/types@https://registry.npmjs.org/@babel/types/-/types-7.29.0.tgz 0ms (cache hit)
582 http cache @babel/template@https://registry.npmjs.org/@babel/template/-/template-7.28.6.tgz 0ms (cache hit)
583 http cache @babel/preset-typescript@https://registry.npmjs.org/@babel/preset-typescript/-/preset-typescript-7.28.5.tgz 0ms (cache hit)
584 http cache @base-ui/react@https://registry.npmjs.org/@base-ui/react/-/react-1.4.1.tgz 0ms (cache hit)
585 http cache @babel/plugin-transform-typescript@https://registry.npmjs.org/@babel/plugin-transform-typescript/-/plugin-transform-typescript-7.28.6.tgz 0ms (cache hit)
586 http cache @babel/runtime@https://registry.npmjs.org/@babel/runtime/-/runtime-7.29.2.tgz 0ms (cache hit)
587 http cache @babel/parser@https://registry.npmjs.org/@babel/parser/-/parser-7.29.3.tgz 0ms (cache hit)
588 http cache @babel/helpers@https://registry.npmjs.org/@babel/helpers/-/helpers-7.29.2.tgz 0ms (cache hit)
589 http cache @babel/plugin-syntax-jsx@https://registry.npmjs.org/@babel/plugin-syntax-jsx/-/plugin-syntax-jsx-7.28.6.tgz 0ms (cache hit)
590 http cache @babel/plugin-syntax-typescript@https://registry.npmjs.org/@babel/plugin-syntax-typescript/-/plugin-syntax-typescript-7.28.6.tgz 0ms (cache hit)
591 http cache @babel/helper-validator-identifier@https://registry.npmjs.org/@babel/helper-validator-identifier/-/helper-validator-identifier-7.28.5.tgz 0ms (cache hit)
592 http cache @babel/traverse@https://registry.npmjs.org/@babel/traverse/-/traverse-7.29.0.tgz 0ms (cache hit)
593 http cache @babel/helper-string-parser@https://registry.npmjs.org/@babel/helper-string-parser/-/helper-string-parser-7.27.1.tgz 0ms (cache hit)
594 http cache @babel/plugin-transform-modules-commonjs@https://registry.npmjs.org/@babel/plugin-transform-modules-commonjs/-/plugin-transform-modules-commonjs-7.28.6.tgz 0ms (cache hit)
595 http cache @babel/helper-replace-supers@https://registry.npmjs.org/@babel/helper-replace-supers/-/helper-replace-supers-7.28.6.tgz 0ms (cache hit)
596 http cache @babel/helper-skip-transparent-expression-wrappers@https://registry.npmjs.org/@babel/helper-skip-transparent-expression-wrappers/-/helper-skip-transparent-expression-wrappers-7.27.1.tgz 0ms (cache hit)
597 http cache @babel/helper-module-imports@https://registry.npmjs.org/@babel/helper-module-imports/-/helper-module-imports-7.28.6.tgz 0ms (cache hit)
598 http cache @babel/helper-module-transforms@https://registry.npmjs.org/@babel/helper-module-transforms/-/helper-module-transforms-7.28.6.tgz 0ms (cache hit)
599 http cache @babel/helper-optimise-call-expression@https://registry.npmjs.org/@babel/helper-optimise-call-expression/-/helper-optimise-call-expression-7.27.1.tgz 0ms (cache hit)
600 http cache @babel/helper-member-expression-to-functions@https://registry.npmjs.org/@babel/helper-member-expression-to-functions/-/helper-member-expression-to-functions-7.28.5.tgz 0ms (cache hit)
601 http cache @babel/helper-globals@https://registry.npmjs.org/@babel/helper-globals/-/helper-globals-7.28.0.tgz 0ms (cache hit)
602 http cache @babel/helper-compilation-targets@https://registry.npmjs.org/@babel/helper-compilation-targets/-/helper-compilation-targets-7.28.6.tgz 0ms (cache hit)
603 http cache @babel/helper-plugin-utils@https://registry.npmjs.org/@babel/helper-plugin-utils/-/helper-plugin-utils-7.28.6.tgz 0ms (cache hit)
604 http cache @babel/generator@https://registry.npmjs.org/@babel/generator/-/generator-7.29.1.tgz 0ms (cache hit)
605 http cache @babel/helper-validator-option@https://registry.npmjs.org/@babel/helper-validator-option/-/helper-validator-option-7.27.1.tgz 0ms (cache hit)
606 http cache @babel/helper-annotate-as-pure@https://registry.npmjs.org/@babel/helper-annotate-as-pure/-/helper-annotate-as-pure-7.27.3.tgz 0ms (cache hit)
607 http cache @babel/compat-data@https://registry.npmjs.org/@babel/compat-data/-/compat-data-7.29.3.tgz 0ms (cache hit)
608 http cache @babel/code-frame@https://registry.npmjs.org/@babel/code-frame/-/code-frame-7.29.0.tgz 0ms (cache hit)
609 http cache @babel/core@https://registry.npmjs.org/@babel/core/-/core-7.29.0.tgz 0ms (cache hit)
610 http cache @alloc/quick-lru@https://registry.npmjs.org/@alloc/quick-lru/-/quick-lru-5.2.0.tgz 0ms (cache hit)
611 http cache emoji-regex@https://registry.npmjs.org/emoji-regex/-/emoji-regex-8.0.0.tgz 0ms (cache hit)
612 http cache strip-ansi@https://registry.npmjs.org/strip-ansi/-/strip-ansi-6.0.1.tgz 0ms (cache hit)
613 http cache string-width@https://registry.npmjs.org/string-width/-/string-width-4.2.3.tgz 0ms (cache hit)
614 http cache emoji-regex@https://registry.npmjs.org/emoji-regex/-/emoji-regex-8.0.0.tgz 0ms (cache hit)
615 http cache ansi-regex@https://registry.npmjs.org/ansi-regex/-/ansi-regex-5.0.1.tgz 0ms (cache hit)
616 http cache string-width@https://registry.npmjs.org/string-width/-/string-width-4.2.3.tgz 0ms (cache hit)
617 http cache json5@https://registry.npmjs.org/json5/-/json5-1.0.2.tgz 0ms (cache hit)
618 http cache fdir@https://registry.npmjs.org/fdir/-/fdir-6.5.0.tgz 0ms (cache hit)
619 http cache picomatch@https://registry.npmjs.org/picomatch/-/picomatch-4.0.4.tgz 0ms (cache hit)
620 http cache ansi-regex@https://registry.npmjs.org/ansi-regex/-/ansi-regex-5.0.1.tgz 0ms (cache hit)
621 http cache strip-ansi@https://registry.npmjs.org/strip-ansi/-/strip-ansi-6.0.1.tgz 0ms (cache hit)
622 http cache @babel/helper-create-class-features-plugin@https://registry.npmjs.org/@babel/helper-create-class-features-plugin/-/helper-create-class-features-plugin-7.29.3.tgz 0ms (cache hit)
623 http cache glob-parent@https://registry.npmjs.org/glob-parent/-/glob-parent-5.1.2.tgz 0ms (cache hit)
624 http cache zod@https://registry.npmjs.org/zod/-/zod-3.25.76.tgz 0ms (cache hit)
625 http cache semver@https://registry.npmjs.org/semver/-/semver-7.7.4.tgz 0ms (cache hit)
626 http cache tsconfig-paths@https://registry.npmjs.org/tsconfig-paths/-/tsconfig-paths-4.2.0.tgz 0ms (cache hit)
627 http cache path-to-regexp@https://registry.npmjs.org/path-to-regexp/-/path-to-regexp-8.4.2.tgz 0ms (cache hit)
628 http cache kleur@https://registry.npmjs.org/kleur/-/kleur-3.0.3.tgz 0ms (cache hit)
629 http cache fast-glob@https://registry.npmjs.org/fast-glob/-/fast-glob-3.3.3.tgz 0ms (cache hit)
630 http cache postcss@https://registry.npmjs.org/postcss/-/postcss-8.4.31.tgz 0ms (cache hit)
631 http cache chalk@https://registry.npmjs.org/chalk/-/chalk-5.6.2.tgz 0ms (cache hit)
632 http cache emoji-regex@https://registry.npmjs.org/emoji-regex/-/emoji-regex-10.6.0.tgz 0ms (cache hit)
633 http cache cookie@https://registry.npmjs.org/cookie/-/cookie-1.1.1.tgz 0ms (cache hit)
634 http cache debug@https://registry.npmjs.org/debug/-/debug-3.2.7.tgz 0ms (cache hit)
635 http cache path-key@https://registry.npmjs.org/path-key/-/path-key-4.0.0.tgz 0ms (cache hit)
636 http cache semver@https://registry.npmjs.org/semver/-/semver-7.7.4.tgz 0ms (cache hit)
637 http cache debug@https://registry.npmjs.org/debug/-/debug-3.2.7.tgz 0ms (cache hit)
638 http cache glob-parent@https://registry.npmjs.org/glob-parent/-/glob-parent-5.1.2.tgz 0ms (cache hit)
639 http cache globals@https://registry.npmjs.org/globals/-/globals-16.4.0.tgz 0ms (cache hit)
640 http cache debug@https://registry.npmjs.org/debug/-/debug-3.2.7.tgz 0ms (cache hit)
641 http cache string-width@https://registry.npmjs.org/string-width/-/string-width-4.2.3.tgz 0ms (cache hit)
642 http cache emoji-regex@https://registry.npmjs.org/emoji-regex/-/emoji-regex-8.0.0.tgz 0ms (cache hit)
643 http cache json-schema-traverse@https://registry.npmjs.org/json-schema-traverse/-/json-schema-traverse-1.0.0.tgz 0ms (cache hit)
644 http cache is-unicode-supported@https://registry.npmjs.org/is-unicode-supported/-/is-unicode-supported-1.3.0.tgz 0ms (cache hit)
645 http cache eslint-visitor-keys@https://registry.npmjs.org/eslint-visitor-keys/-/eslint-visitor-keys-5.0.1.tgz 0ms (cache hit)
646 http cache ajv@https://registry.npmjs.org/ajv/-/ajv-8.20.0.tgz 0ms (cache hit)
647 http cache strip-ansi@https://registry.npmjs.org/strip-ansi/-/strip-ansi-6.0.1.tgz 0ms (cache hit)
648 http cache chalk@https://registry.npmjs.org/chalk/-/chalk-5.6.2.tgz 0ms (cache hit)
649 http cache semver@https://registry.npmjs.org/semver/-/semver-7.7.4.tgz 0ms (cache hit)
650 http cache brace-expansion@https://registry.npmjs.org/brace-expansion/-/brace-expansion-5.0.5.tgz 0ms (cache hit)
651 http cache minimatch@https://registry.npmjs.org/minimatch/-/minimatch-10.2.5.tgz 0ms (cache hit)
652 http cache balanced-match@https://registry.npmjs.org/balanced-match/-/balanced-match-4.0.4.tgz 0ms (cache hit)
653 http cache minimatch@https://registry.npmjs.org/minimatch/-/minimatch-10.2.5.tgz 0ms (cache hit)
654 http cache glob-parent@https://registry.npmjs.org/glob-parent/-/glob-parent-5.1.2.tgz 0ms (cache hit)
655 http cache ansi-regex@https://registry.npmjs.org/ansi-regex/-/ansi-regex-5.0.1.tgz 0ms (cache hit)
656 http cache ignore@https://registry.npmjs.org/ignore/-/ignore-7.0.5.tgz 0ms (cache hit)
657 http cache balanced-match@https://registry.npmjs.org/balanced-match/-/balanced-match-4.0.4.tgz 0ms (cache hit)
658 http cache fast-glob@https://registry.npmjs.org/fast-glob/-/fast-glob-3.3.3.tgz 0ms (cache hit)
659 http cache which@https://registry.npmjs.org/which/-/which-4.0.0.tgz 0ms (cache hit)
660 http cache @open-draft/deferred-promise@https://registry.npmjs.org/@open-draft/deferred-promise/-/deferred-promise-2.2.0.tgz 0ms (cache hit)
661 http cache ajv@https://registry.npmjs.org/ajv/-/ajv-8.20.0.tgz 0ms (cache hit)
662 http cache json-schema-traverse@https://registry.npmjs.org/json-schema-traverse/-/json-schema-traverse-1.0.0.tgz 0ms (cache hit)
663 http cache signal-exit@https://registry.npmjs.org/signal-exit/-/signal-exit-3.0.7.tgz 0ms (cache hit)
664 http cache strip-final-newline@https://registry.npmjs.org/strip-final-newline/-/strip-final-newline-2.0.0.tgz 0ms (cache hit)
665 http cache brace-expansion@https://registry.npmjs.org/brace-expansion/-/brace-expansion-5.0.5.tgz 0ms (cache hit)
666 http cache onetime@https://registry.npmjs.org/onetime/-/onetime-5.1.2.tgz 0ms (cache hit)
667 http cache is-stream@https://registry.npmjs.org/is-stream/-/is-stream-2.0.1.tgz 0ms (cache hit)
668 http cache picomatch@https://registry.npmjs.org/picomatch/-/picomatch-4.0.4.tgz 0ms (cache hit)
669 http cache npm-run-path@https://registry.npmjs.org/npm-run-path/-/npm-run-path-4.0.1.tgz 0ms (cache hit)
670 http cache eslint-visitor-keys@https://registry.npmjs.org/eslint-visitor-keys/-/eslint-visitor-keys-3.4.3.tgz 0ms (cache hit)
671 http cache human-signals@https://registry.npmjs.org/human-signals/-/human-signals-2.1.0.tgz 0ms (cache hit)
672 http cache fdir@https://registry.npmjs.org/fdir/-/fdir-6.5.0.tgz 0ms (cache hit)
673 http cache get-stream@https://registry.npmjs.org/get-stream/-/get-stream-6.0.1.tgz 0ms (cache hit)
674 http cache isexe@https://registry.npmjs.org/isexe/-/isexe-3.1.5.tgz 0ms (cache hit)
675 silly tarball no local data for zod-validation-error@https://registry.npmjs.org/zod-validation-error/-/zod-validation-error-4.0.2.tgz. Extracting by manifest.
676 silly tarball no local data for yoctocolors@https://registry.npmjs.org/yoctocolors/-/yoctocolors-2.1.2.tgz. Extracting by manifest.
677 silly tarball no local data for yocto-spinner@https://registry.npmjs.org/yocto-spinner/-/yocto-spinner-1.1.0.tgz. Extracting by manifest.
678 silly tarball no local data for yocto-queue@https://registry.npmjs.org/yocto-queue/-/yocto-queue-0.1.0.tgz. Extracting by manifest.
679 silly tarball no local data for zod@https://registry.npmjs.org/zod/-/zod-4.4.2.tgz. Extracting by manifest.
680 silly tarball no local data for yargs-parser@https://registry.npmjs.org/yargs-parser/-/yargs-parser-21.1.1.tgz. Extracting by manifest.
681 silly tarball no local data for wsl-utils@https://registry.npmjs.org/wsl-utils/-/wsl-utils-0.3.1.tgz. Extracting by manifest.
682 silly tarball no local data for y18n@https://registry.npmjs.org/y18n/-/y18n-5.0.8.tgz. Extracting by manifest.
683 silly tarball no local data for zod-to-json-schema@https://registry.npmjs.org/zod-to-json-schema/-/zod-to-json-schema-3.25.2.tgz. Extracting by manifest.
684 silly tarball no local data for wrappy@https://registry.npmjs.org/wrappy/-/wrappy-1.0.2.tgz. Extracting by manifest.
685 silly tarball no local data for wrap-ansi@https://registry.npmjs.org/wrap-ansi/-/wrap-ansi-7.0.0.tgz. Extracting by manifest.
686 silly tarball no local data for yallist@https://registry.npmjs.org/yallist/-/yallist-3.1.1.tgz. Extracting by manifest.
687 silly tarball no local data for word-wrap@https://registry.npmjs.org/word-wrap/-/word-wrap-1.2.5.tgz. Extracting by manifest.
688 silly tarball no local data for which-typed-array@https://registry.npmjs.org/which-typed-array/-/which-typed-array-1.1.20.tgz. Extracting by manifest.
689 silly tarball no local data for ws@https://registry.npmjs.org/ws/-/ws-8.20.0.tgz. Extracting by manifest.
690 silly tarball no local data for which-boxed-primitive@https://registry.npmjs.org/which-boxed-primitive/-/which-boxed-primitive-1.1.1.tgz. Extracting by manifest.
691 silly tarball no local data for which-collection@https://registry.npmjs.org/which-collection/-/which-collection-1.0.2.tgz. Extracting by manifest.
692 http cache commander@https://registry.npmjs.org/commander/-/commander-11.1.0.tgz 0ms (cache hit)
693 silly tarball no local data for web-streams-polyfill@https://registry.npmjs.org/web-streams-polyfill/-/web-streams-polyfill-3.3.3.tgz. Extracting by manifest.
694 silly tarball no local data for yargs@https://registry.npmjs.org/yargs/-/yargs-17.7.2.tgz. Extracting by manifest.
695 silly tarball no local data for which-builtin-type@https://registry.npmjs.org/which-builtin-type/-/which-builtin-type-1.2.1.tgz. Extracting by manifest.
696 silly tarball no local data for validate-npm-package-name@https://registry.npmjs.org/validate-npm-package-name/-/validate-npm-package-name-7.0.2.tgz. Extracting by manifest.
697 silly tarball no local data for vary@https://registry.npmjs.org/vary/-/vary-1.1.2.tgz. Extracting by manifest.
698 http cache execa@https://registry.npmjs.org/execa/-/execa-5.1.1.tgz 0ms (cache hit)
699 silly tarball no local data for util-deprecate@https://registry.npmjs.org/util-deprecate/-/util-deprecate-1.0.2.tgz. Extracting by manifest.
700 silly tarball no local data for utrie@https://registry.npmjs.org/utrie/-/utrie-1.0.2.tgz. Extracting by manifest.
701 silly tarball no local data for uuid@https://registry.npmjs.org/uuid/-/uuid-14.0.0.tgz. Extracting by manifest.
702 silly tarball no local data for uri-js@https://registry.npmjs.org/uri-js/-/uri-js-4.4.1.tgz. Extracting by manifest.
703 silly tarball no local data for update-browserslist-db@https://registry.npmjs.org/update-browserslist-db/-/update-browserslist-db-1.2.3.tgz. Extracting by manifest.
704 silly tarball no local data for use-sync-external-store@https://registry.npmjs.org/use-sync-external-store/-/use-sync-external-store-1.6.0.tgz. Extracting by manifest.
705 silly tarball no local data for unrs-resolver@https://registry.npmjs.org/unrs-resolver/-/unrs-resolver-1.11.1.tgz. Extracting by manifest.
706 silly tarball no local data for unpipe@https://registry.npmjs.org/unpipe/-/unpipe-1.0.0.tgz. Extracting by manifest.
707 silly tarball no local data for until-async@https://registry.npmjs.org/until-async/-/until-async-3.0.2.tgz. Extracting by manifest.
708 silly tarball no local data for undici-types@https://registry.npmjs.org/undici-types/-/undici-types-7.19.2.tgz. Extracting by manifest.
709 silly tarball no local data for unicorn-magic@https://registry.npmjs.org/unicorn-magic/-/unicorn-magic-0.3.0.tgz. Extracting by manifest.
710 silly tarball no local data for universalify@https://registry.npmjs.org/universalify/-/universalify-2.0.1.tgz. Extracting by manifest.
711 silly tarball no local data for typescript-eslint@https://registry.npmjs.org/typescript-eslint/-/typescript-eslint-8.59.1.tgz. Extracting by manifest.
712 silly tarball no local data for which@https://registry.npmjs.org/which/-/which-2.0.2.tgz. Extracting by manifest.
713 silly tarball no local data for unbox-primitive@https://registry.npmjs.org/unbox-primitive/-/unbox-primitive-1.1.0.tgz. Extracting by manifest.
714 silly tarball no local data for typescript@https://registry.npmjs.org/typescript/-/typescript-6.0.3.tgz. Extracting by manifest.
715 silly tarball no local data for type-is@https://registry.npmjs.org/type-is/-/type-is-2.0.1.tgz. Extracting by manifest.
716 silly tarball no local data for typed-array-byte-length@https://registry.npmjs.org/typed-array-byte-length/-/typed-array-byte-length-1.0.3.tgz. Extracting by manifest.
717 silly tarball no local data for typed-array-length@https://registry.npmjs.org/typed-array-length/-/typed-array-length-1.0.7.tgz. Extracting by manifest.
718 silly tarball no local data for typed-array-buffer@https://registry.npmjs.org/typed-array-buffer/-/typed-array-buffer-1.0.3.tgz. Extracting by manifest.
719 silly tarball no local data for type-check@https://registry.npmjs.org/type-check/-/type-check-0.4.0.tgz. Extracting by manifest.
720 silly tarball no local data for type-fest@https://registry.npmjs.org/type-fest/-/type-fest-5.6.0.tgz. Extracting by manifest.
721 silly tarball no local data for tslib@https://registry.npmjs.org/tslib/-/tslib-2.8.1.tgz. Extracting by manifest.
722 silly tarball no local data for ts-morph@https://registry.npmjs.org/ts-morph/-/ts-morph-26.0.0.tgz. Extracting by manifest.
723 silly tarball no local data for ts-api-utils@https://registry.npmjs.org/ts-api-utils/-/ts-api-utils-2.5.0.tgz. Extracting by manifest.
724 silly tarball no local data for tough-cookie@https://registry.npmjs.org/tough-cookie/-/tough-cookie-6.0.1.tgz. Extracting by manifest.
725 silly tarball no local data for tw-animate-css@https://registry.npmjs.org/tw-animate-css/-/tw-animate-css-1.4.0.tgz. Extracting by manifest.
726 silly tarball no local data for tsconfig-paths@https://registry.npmjs.org/tsconfig-paths/-/tsconfig-paths-3.15.0.tgz. Extracting by manifest.
727 silly tarball no local data for tldts@https://registry.npmjs.org/tldts/-/tldts-7.0.30.tgz. Extracting by manifest.
728 silly tarball no local data for toidentifier@https://registry.npmjs.org/toidentifier/-/toidentifier-1.0.1.tgz. Extracting by manifest.
729 silly tarball no local data for tldts-core@https://registry.npmjs.org/tldts-core/-/tldts-core-7.0.30.tgz. Extracting by manifest.
730 silly tarball no local data for text-segmentation@https://registry.npmjs.org/text-segmentation/-/text-segmentation-1.0.3.tgz. Extracting by manifest.
731 silly tarball no local data for tiny-invariant@https://registry.npmjs.org/tiny-invariant/-/tiny-invariant-1.3.3.tgz. Extracting by manifest.
732 silly tarball no local data for tinyglobby@https://registry.npmjs.org/tinyglobby/-/tinyglobby-0.2.16.tgz. Extracting by manifest.
733 silly tarball no local data for tailwind-merge@https://registry.npmjs.org/tailwind-merge/-/tailwind-merge-3.5.0.tgz. Extracting by manifest.
734 silly tarball no local data for tailwindcss@https://registry.npmjs.org/tailwindcss/-/tailwindcss-4.2.4.tgz. Extracting by manifest.
735 silly tarball no local data for typed-array-byte-offset@https://registry.npmjs.org/typed-array-byte-offset/-/typed-array-byte-offset-1.0.4.tgz. Extracting by manifest.
736 silly tarball no local data for to-regex-range@https://registry.npmjs.org/to-regex-range/-/to-regex-range-5.0.1.tgz. Extracting by manifest.
737 silly tarball no local data for tapable@https://registry.npmjs.org/tapable/-/tapable-2.3.3.tgz. Extracting by manifest.
738 silly tarball no local data for supports-preserve-symlinks-flag@https://registry.npmjs.org/supports-preserve-symlinks-flag/-/supports-preserve-symlinks-flag-1.0.0.tgz. Extracting by manifest.
739 silly tarball no local data for styled-jsx@https://registry.npmjs.org/styled-jsx/-/styled-jsx-5.1.6.tgz. Extracting by manifest.
740 silly tarball no local data for strip-bom@https://registry.npmjs.org/strip-bom/-/strip-bom-3.0.0.tgz. Extracting by manifest.
741 silly tarball no local data for svg-pathdata@https://registry.npmjs.org/svg-pathdata/-/svg-pathdata-6.0.3.tgz. Extracting by manifest.
742 silly tarball no local data for strip-final-newline@https://registry.npmjs.org/strip-final-newline/-/strip-final-newline-4.0.0.tgz. Extracting by manifest.
743 silly tarball no local data for supports-color@https://registry.npmjs.org/supports-color/-/supports-color-7.2.0.tgz. Extracting by manifest.
744 silly tarball no local data for strip-ansi@https://registry.npmjs.org/strip-ansi/-/strip-ansi-7.2.0.tgz. Extracting by manifest.
745 silly tarball no local data for strip-json-comments@https://registry.npmjs.org/strip-json-comments/-/strip-json-comments-3.1.1.tgz. Extracting by manifest.
746 silly tarball no local data for stringify-object@https://registry.npmjs.org/stringify-object/-/stringify-object-5.0.0.tgz. Extracting by manifest.
747 silly tarball no local data for string.prototype.trimstart@https://registry.npmjs.org/string.prototype.trimstart/-/string.prototype.trimstart-1.0.8.tgz. Extracting by manifest.
748 silly tarball no local data for string.prototype.trim@https://registry.npmjs.org/string.prototype.trim/-/string.prototype.trim-1.2.10.tgz. Extracting by manifest.
749 silly tarball no local data for string.prototype.repeat@https://registry.npmjs.org/string.prototype.repeat/-/string.prototype.repeat-1.0.0.tgz. Extracting by manifest.
750 silly tarball no local data for string.prototype.matchall@https://registry.npmjs.org/string.prototype.matchall/-/string.prototype.matchall-4.0.12.tgz. Extracting by manifest.
751 silly tarball no local data for string.prototype.includes@https://registry.npmjs.org/string.prototype.includes/-/string.prototype.includes-2.0.1.tgz. Extracting by manifest.
752 silly tarball no local data for string-width@https://registry.npmjs.org/string-width/-/string-width-7.2.0.tgz. Extracting by manifest.
753 silly tarball no local data for strict-event-emitter@https://registry.npmjs.org/strict-event-emitter/-/strict-event-emitter-0.5.1.tgz. Extracting by manifest.
754 silly tarball no local data for string.prototype.trimend@https://registry.npmjs.org/string.prototype.trimend/-/string.prototype.trimend-1.0.9.tgz. Extracting by manifest.
755 silly tarball no local data for statuses@https://registry.npmjs.org/statuses/-/statuses-2.0.2.tgz. Extracting by manifest.
756 silly tarball no local data for stdin-discarder@https://registry.npmjs.org/stdin-discarder/-/stdin-discarder-0.2.2.tgz. Extracting by manifest.
757 silly tarball no local data for tagged-tag@https://registry.npmjs.org/tagged-tag/-/tagged-tag-1.0.0.tgz. Extracting by manifest.
758 silly tarball no local data for stable-hash@https://registry.npmjs.org/stable-hash/-/stable-hash-0.0.5.tgz. Extracting by manifest.
759 silly tarball no local data for source-map@https://registry.npmjs.org/source-map/-/source-map-0.6.1.tgz. Extracting by manifest.
760 silly tarball no local data for stop-iteration-iterator@https://registry.npmjs.org/stop-iteration-iterator/-/stop-iteration-iterator-1.1.0.tgz. Extracting by manifest.
761 silly tarball no local data for signal-exit@https://registry.npmjs.org/signal-exit/-/signal-exit-4.1.0.tgz. Extracting by manifest.
762 silly tarball no local data for sisteransi@https://registry.npmjs.org/sisteransi/-/sisteransi-1.0.5.tgz. Extracting by manifest.
763 silly tarball no local data for side-channel-weakmap@https://registry.npmjs.org/side-channel-weakmap/-/side-channel-weakmap-1.0.2.tgz. Extracting by manifest.
764 silly tarball no local data for stackblur-canvas@https://registry.npmjs.org/stackblur-canvas/-/stackblur-canvas-2.7.0.tgz. Extracting by manifest.
765 silly tarball no local data for side-channel-map@https://registry.npmjs.org/side-channel-map/-/side-channel-map-1.0.1.tgz. Extracting by manifest.
766 silly tarball no local data for side-channel-list@https://registry.npmjs.org/side-channel-list/-/side-channel-list-1.0.1.tgz. Extracting by manifest.
767 silly tarball no local data for side-channel@https://registry.npmjs.org/side-channel/-/side-channel-1.1.0.tgz. Extracting by manifest.
768 silly tarball no local data for source-map-js@https://registry.npmjs.org/source-map-js/-/source-map-js-1.2.1.tgz. Extracting by manifest.
769 silly tarball no local data for shebang-command@https://registry.npmjs.org/shebang-command/-/shebang-command-2.0.0.tgz. Extracting by manifest.
770 silly tarball no local data for sharp@https://registry.npmjs.org/sharp/-/sharp-0.34.5.tgz. Extracting by manifest.
771 silly tarball no local data for shadcn@https://registry.npmjs.org/shadcn/-/shadcn-4.6.0.tgz. Extracting by manifest.
772 silly tarball no local data for setprototypeof@https://registry.npmjs.org/setprototypeof/-/setprototypeof-1.2.0.tgz. Extracting by manifest.
773 silly tarball no local data for set-proto@https://registry.npmjs.org/set-proto/-/set-proto-1.0.0.tgz. Extracting by manifest.
774 silly tarball no local data for set-function-name@https://registry.npmjs.org/set-function-name/-/set-function-name-2.0.2.tgz. Extracting by manifest.
775 silly tarball no local data for set-cookie-parser@https://registry.npmjs.org/set-cookie-parser/-/set-cookie-parser-3.1.0.tgz. Extracting by manifest.
776 silly tarball no local data for send@https://registry.npmjs.org/send/-/send-1.2.1.tgz. Extracting by manifest.
777 silly tarball no local data for serve-static@https://registry.npmjs.org/serve-static/-/serve-static-2.2.1.tgz. Extracting by manifest.
778 silly tarball no local data for semver@https://registry.npmjs.org/semver/-/semver-6.3.1.tgz. Extracting by manifest.
779 silly tarball no local data for scheduler@https://registry.npmjs.org/scheduler/-/scheduler-0.27.0.tgz. Extracting by manifest.
780 silly tarball no local data for safer-buffer@https://registry.npmjs.org/safer-buffer/-/safer-buffer-2.1.2.tgz. Extracting by manifest.
781 silly tarball no local data for safe-regex-test@https://registry.npmjs.org/safe-regex-test/-/safe-regex-test-1.1.0.tgz. Extracting by manifest.
782 silly tarball no local data for safe-array-concat@https://registry.npmjs.org/safe-array-concat/-/safe-array-concat-1.1.4.tgz. Extracting by manifest.
783 silly tarball no local data for safe-push-apply@https://registry.npmjs.org/safe-push-apply/-/safe-push-apply-1.0.0.tgz. Extracting by manifest.
784 silly tarball no local data for run-parallel@https://registry.npmjs.org/run-parallel/-/run-parallel-1.2.0.tgz. Extracting by manifest.
785 silly tarball no local data for router@https://registry.npmjs.org/router/-/router-2.2.0.tgz. Extracting by manifest.
786 silly tarball no local data for rgbcolor@https://registry.npmjs.org/rgbcolor/-/rgbcolor-1.0.1.tgz. Extracting by manifest.
787 silly tarball no local data for reusify@https://registry.npmjs.org/reusify/-/reusify-1.1.0.tgz. Extracting by manifest.
788 silly tarball no local data for rettime@https://registry.npmjs.org/rettime/-/rettime-0.11.8.tgz. Extracting by manifest.
789 silly tarball no local data for run-applescript@https://registry.npmjs.org/run-applescript/-/run-applescript-7.1.0.tgz. Extracting by manifest.
790 silly tarball no local data for restore-cursor@https://registry.npmjs.org/restore-cursor/-/restore-cursor-5.1.0.tgz. Extracting by manifest.
791 silly tarball no local data for resolve-from@https://registry.npmjs.org/resolve-from/-/resolve-from-4.0.0.tgz. Extracting by manifest.
792 silly tarball no local data for shebang-regex@https://registry.npmjs.org/shebang-regex/-/shebang-regex-3.0.0.tgz. Extracting by manifest.
793 silly tarball no local data for resolve@https://registry.npmjs.org/resolve/-/resolve-2.0.0-next.6.tgz. Extracting by manifest.
794 silly tarball no local data for reselect@https://registry.npmjs.org/reselect/-/reselect-5.1.1.tgz. Extracting by manifest.
795 silly tarball no local data for resolve-pkg-maps@https://registry.npmjs.org/resolve-pkg-maps/-/resolve-pkg-maps-1.0.0.tgz. Extracting by manifest.
796 silly tarball no local data for require-directory@https://registry.npmjs.org/require-directory/-/require-directory-2.1.1.tgz. Extracting by manifest.
797 silly tarball no local data for regexp.prototype.flags@https://registry.npmjs.org/regexp.prototype.flags/-/regexp.prototype.flags-1.5.4.tgz. Extracting by manifest.
798 silly tarball no local data for reflect.getprototypeof@https://registry.npmjs.org/reflect.getprototypeof/-/reflect.getprototypeof-1.0.10.tgz. Extracting by manifest.
799 silly tarball no local data for set-function-length@https://registry.npmjs.org/set-function-length/-/set-function-length-1.2.2.tgz. Extracting by manifest.
800 silly tarball no local data for regenerator-runtime@https://registry.npmjs.org/regenerator-runtime/-/regenerator-runtime-0.13.11.tgz. Extracting by manifest.
801 silly tarball no local data for recast@https://registry.npmjs.org/recast/-/recast-0.23.11.tgz. Extracting by manifest.
802 silly tarball no local data for react-is@https://registry.npmjs.org/react-is/-/react-is-16.13.1.tgz. Extracting by manifest.
803 silly tarball no local data for react-dom@https://registry.npmjs.org/react-dom/-/react-dom-19.2.4.tgz. Extracting by manifest.
804 silly tarball no local data for react@https://registry.npmjs.org/react/-/react-19.2.4.tgz. Extracting by manifest.
805 silly tarball no local data for range-parser@https://registry.npmjs.org/range-parser/-/range-parser-1.2.1.tgz. Extracting by manifest.
806 silly tarball no local data for raw-body@https://registry.npmjs.org/raw-body/-/raw-body-3.0.2.tgz. Extracting by manifest.
807 silly tarball no local data for raf@https://registry.npmjs.org/raf/-/raf-3.4.1.tgz. Extracting by manifest.
808 silly tarball no local data for queue-microtask@https://registry.npmjs.org/queue-microtask/-/queue-microtask-1.2.3.tgz. Extracting by manifest.
809 silly tarball no local data for qs@https://registry.npmjs.org/qs/-/qs-6.15.1.tgz. Extracting by manifest.
810 silly tarball no local data for punycode@https://registry.npmjs.org/punycode/-/punycode-2.3.1.tgz. Extracting by manifest.
811 silly tarball no local data for proxy-addr@https://registry.npmjs.org/proxy-addr/-/proxy-addr-2.0.7.tgz. Extracting by manifest.
812 silly tarball no local data for prop-types@https://registry.npmjs.org/prop-types/-/prop-types-15.8.1.tgz. Extracting by manifest.
813 silly tarball no local data for prompts@https://registry.npmjs.org/prompts/-/prompts-2.4.2.tgz. Extracting by manifest.
814 silly tarball no local data for prelude-ls@https://registry.npmjs.org/prelude-ls/-/prelude-ls-1.2.1.tgz. Extracting by manifest.
815 silly tarball no local data for powershell-utils@https://registry.npmjs.org/powershell-utils/-/powershell-utils-0.1.0.tgz. Extracting by manifest.
816 silly tarball no local data for postcss-selector-parser@https://registry.npmjs.org/postcss-selector-parser/-/postcss-selector-parser-7.1.1.tgz. Extracting by manifest.
817 silly tarball no local data for postcss@https://registry.npmjs.org/postcss/-/postcss-8.5.13.tgz. Extracting by manifest.
818 silly tarball no local data for possible-typed-array-names@https://registry.npmjs.org/possible-typed-array-names/-/possible-typed-array-names-1.1.0.tgz. Extracting by manifest.
819 silly tarball no local data for pkce-challenge@https://registry.npmjs.org/pkce-challenge/-/pkce-challenge-5.0.1.tgz. Extracting by manifest.
820 silly tarball no local data for pretty-ms@https://registry.npmjs.org/pretty-ms/-/pretty-ms-9.3.0.tgz. Extracting by manifest.
821 silly tarball no local data for picomatch@https://registry.npmjs.org/picomatch/-/picomatch-2.3.2.tgz. Extracting by manifest.
822 silly tarball no local data for picocolors@https://registry.npmjs.org/picocolors/-/picocolors-1.1.1.tgz. Extracting by manifest.
823 silly tarball no local data for performance-now@https://registry.npmjs.org/performance-now/-/performance-now-2.1.0.tgz. Extracting by manifest.
824 silly tarball no local data for require-from-string@https://registry.npmjs.org/require-from-string/-/require-from-string-2.0.2.tgz. Extracting by manifest.
825 silly tarball no local data for path-key@https://registry.npmjs.org/path-key/-/path-key-3.1.1.tgz. Extracting by manifest.
826 silly tarball no local data for path-exists@https://registry.npmjs.org/path-exists/-/path-exists-4.0.0.tgz. Extracting by manifest.
827 silly tarball no local data for path-browserify@https://registry.npmjs.org/path-browserify/-/path-browserify-1.0.1.tgz. Extracting by manifest.
828 silly tarball no local data for parseurl@https://registry.npmjs.org/parseurl/-/parseurl-1.3.3.tgz. Extracting by manifest.
829 silly tarball no local data for parse-ms@https://registry.npmjs.org/parse-ms/-/parse-ms-4.0.0.tgz. Extracting by manifest.
830 silly tarball no local data for parse-json@https://registry.npmjs.org/parse-json/-/parse-json-5.2.0.tgz. Extracting by manifest.
831 silly tarball no local data for parent-module@https://registry.npmjs.org/parent-module/-/parent-module-1.0.1.tgz. Extracting by manifest.
832 silly tarball no local data for pako@https://registry.npmjs.org/pako/-/pako-2.1.0.tgz. Extracting by manifest.
833 silly tarball no local data for path-parse@https://registry.npmjs.org/path-parse/-/path-parse-1.0.7.tgz. Extracting by manifest.
834 silly tarball no local data for p-locate@https://registry.npmjs.org/p-locate/-/p-locate-5.0.0.tgz. Extracting by manifest.
835 silly tarball no local data for p-limit@https://registry.npmjs.org/p-limit/-/p-limit-3.1.0.tgz. Extracting by manifest.
836 silly tarball no local data for own-keys@https://registry.npmjs.org/own-keys/-/own-keys-1.0.1.tgz. Extracting by manifest.
837 silly tarball no local data for outvariant@https://registry.npmjs.org/outvariant/-/outvariant-1.4.3.tgz. Extracting by manifest.
838 silly tarball no local data for ora@https://registry.npmjs.org/ora/-/ora-8.2.0.tgz. Extracting by manifest.
839 silly tarball no local data for optionator@https://registry.npmjs.org/optionator/-/optionator-0.9.4.tgz. Extracting by manifest.
840 silly tarball no local data for open@https://registry.npmjs.org/open/-/open-11.0.0.tgz. Extracting by manifest.
841 silly tarball no local data for onetime@https://registry.npmjs.org/onetime/-/onetime-7.0.0.tgz. Extracting by manifest.
842 silly tarball no local data for once@https://registry.npmjs.org/once/-/once-1.4.0.tgz. Extracting by manifest.
843 silly tarball no local data for on-finished@https://registry.npmjs.org/on-finished/-/on-finished-2.4.1.tgz. Extracting by manifest.
844 silly tarball no local data for object.values@https://registry.npmjs.org/object.values/-/object.values-1.2.1.tgz. Extracting by manifest.
845 silly tarball no local data for path-to-regexp@https://registry.npmjs.org/path-to-regexp/-/path-to-regexp-6.3.0.tgz. Extracting by manifest.
846 silly tarball no local data for object.assign@https://registry.npmjs.org/object.assign/-/object.assign-4.1.7.tgz. Extracting by manifest.
847 silly tarball no local data for object-keys@https://registry.npmjs.org/object-keys/-/object-keys-1.1.1.tgz. Extracting by manifest.
848 silly tarball no local data for object-inspect@https://registry.npmjs.org/object-inspect/-/object-inspect-1.13.4.tgz. Extracting by manifest.
849 silly tarball no local data for object-assign@https://registry.npmjs.org/object-assign/-/object-assign-4.1.1.tgz. Extracting by manifest.
850 silly tarball no local data for npm-run-path@https://registry.npmjs.org/npm-run-path/-/npm-run-path-6.0.0.tgz. Extracting by manifest.
851 silly tarball no local data for object-treeify@https://registry.npmjs.org/object-treeify/-/object-treeify-1.1.33.tgz. Extracting by manifest.
852 silly tarball no local data for node-releases@https://registry.npmjs.org/node-releases/-/node-releases-2.0.38.tgz. Extracting by manifest.
853 silly tarball no local data for object.groupby@https://registry.npmjs.org/object.groupby/-/object.groupby-1.0.3.tgz. Extracting by manifest.
854 silly tarball no local data for node-fetch@https://registry.npmjs.org/node-fetch/-/node-fetch-3.3.2.tgz. Extracting by manifest.
855 silly tarball no local data for node-exports-info@https://registry.npmjs.org/node-exports-info/-/node-exports-info-1.6.0.tgz. Extracting by manifest.
856 silly tarball no local data for negotiator@https://registry.npmjs.org/negotiator/-/negotiator-1.0.0.tgz. Extracting by manifest.
857 silly tarball no local data for natural-compare@https://registry.npmjs.org/natural-compare/-/natural-compare-1.4.0.tgz. Extracting by manifest.
858 silly tarball no local data for nanoid@https://registry.npmjs.org/nanoid/-/nanoid-3.3.12.tgz. Extracting by manifest.
859 silly tarball no local data for ms@https://registry.npmjs.org/ms/-/ms-2.1.3.tgz. Extracting by manifest.
860 silly tarball no local data for next@https://registry.npmjs.org/next/-/next-16.2.4.tgz. Extracting by manifest.
861 silly tarball no local data for node-domexception@https://registry.npmjs.org/node-domexception/-/node-domexception-1.0.0.tgz. Extracting by manifest.
862 silly tarball no local data for minimist@https://registry.npmjs.org/minimist/-/minimist-1.2.8.tgz. Extracting by manifest.
863 silly tarball no local data for napi-postinstall@https://registry.npmjs.org/napi-postinstall/-/napi-postinstall-0.3.4.tgz. Extracting by manifest.
864 silly tarball no local data for object.fromentries@https://registry.npmjs.org/object.fromentries/-/object.fromentries-2.0.8.tgz. Extracting by manifest.
865 silly tarball no local data for mimic-function@https://registry.npmjs.org/mimic-function/-/mimic-function-5.0.1.tgz. Extracting by manifest.
866 silly tarball no local data for minimatch@https://registry.npmjs.org/minimatch/-/minimatch-3.1.5.tgz. Extracting by manifest.
867 silly tarball no local data for mute-stream@https://registry.npmjs.org/mute-stream/-/mute-stream-3.0.0.tgz. Extracting by manifest.
868 silly tarball no local data for mimic-fn@https://registry.npmjs.org/mimic-fn/-/mimic-fn-2.1.0.tgz. Extracting by manifest.
869 silly tarball no local data for mime-types@https://registry.npmjs.org/mime-types/-/mime-types-3.0.2.tgz. Extracting by manifest.
870 silly tarball no local data for mime-db@https://registry.npmjs.org/mime-db/-/mime-db-1.54.0.tgz. Extracting by manifest.
871 silly tarball no local data for merge2@https://registry.npmjs.org/merge2/-/merge2-1.4.1.tgz. Extracting by manifest.
872 silly tarball no local data for merge-descriptors@https://registry.npmjs.org/merge-descriptors/-/merge-descriptors-2.0.0.tgz. Extracting by manifest.
873 silly tarball no local data for merge-stream@https://registry.npmjs.org/merge-stream/-/merge-stream-2.0.0.tgz. Extracting by manifest.
874 silly tarball no local data for msw@https://registry.npmjs.org/msw/-/msw-2.14.2.tgz. Extracting by manifest.
875 silly tarball no local data for media-typer@https://registry.npmjs.org/media-typer/-/media-typer-1.1.0.tgz. Extracting by manifest.
876 silly tarball no local data for object.entries@https://registry.npmjs.org/object.entries/-/object.entries-1.1.9.tgz. Extracting by manifest.
877 silly tarball no local data for loose-envify@https://registry.npmjs.org/loose-envify/-/loose-envify-1.4.0.tgz. Extracting by manifest.
878 silly tarball no local data for log-symbols@https://registry.npmjs.org/log-symbols/-/log-symbols-6.0.0.tgz. Extracting by manifest.
879 silly tarball no local data for micromatch@https://registry.npmjs.org/micromatch/-/micromatch-4.0.8.tgz. Extracting by manifest.
880 silly tarball no local data for lucide-react@https://registry.npmjs.org/lucide-react/-/lucide-react-1.14.0.tgz. Extracting by manifest.
881 silly tarball no local data for locate-path@https://registry.npmjs.org/locate-path/-/locate-path-6.0.0.tgz. Extracting by manifest.
882 silly tarball no local data for lodash.merge@https://registry.npmjs.org/lodash.merge/-/lodash.merge-4.6.2.tgz. Extracting by manifest.
883 silly tarball no local data for math-intrinsics@https://registry.npmjs.org/math-intrinsics/-/math-intrinsics-1.1.0.tgz. Extracting by manifest.
884 silly tarball no local data for lines-and-columns@https://registry.npmjs.org/lines-and-columns/-/lines-and-columns-1.2.4.tgz. Extracting by manifest.
885 silly tarball no local data for magic-string@https://registry.npmjs.org/magic-string/-/magic-string-0.30.21.tgz. Extracting by manifest.
886 silly tarball no local data for lightningcss@https://registry.npmjs.org/lightningcss/-/lightningcss-1.32.0.tgz. Extracting by manifest.
887 silly tarball no local data for levn@https://registry.npmjs.org/levn/-/levn-0.4.1.tgz. Extracting by manifest.
888 silly tarball no local data for lightningcss-darwin-arm64@https://registry.npmjs.org/lightningcss-darwin-arm64/-/lightningcss-darwin-arm64-1.32.0.tgz. Extracting by manifest.
889 silly tarball no local data for lru-cache@https://registry.npmjs.org/lru-cache/-/lru-cache-5.1.1.tgz. Extracting by manifest.
890 silly tarball no local data for kleur@https://registry.npmjs.org/kleur/-/kleur-4.1.5.tgz. Extracting by manifest.
891 silly tarball no local data for language-subtag-registry@https://registry.npmjs.org/language-subtag-registry/-/language-subtag-registry-0.3.23.tgz. Extracting by manifest.
892 silly tarball no local data for keyv@https://registry.npmjs.org/keyv/-/keyv-4.5.4.tgz. Extracting by manifest.
893 silly tarball no local data for language-tags@https://registry.npmjs.org/language-tags/-/language-tags-1.0.9.tgz. Extracting by manifest.
894 silly tarball no local data for jsx-ast-utils@https://registry.npmjs.org/jsx-ast-utils/-/jsx-ast-utils-3.3.5.tgz. Extracting by manifest.
895 silly tarball no local data for jspdf-autotable@https://registry.npmjs.org/jspdf-autotable/-/jspdf-autotable-5.0.7.tgz. Extracting by manifest.
896 silly tarball no local data for jsonfile@https://registry.npmjs.org/jsonfile/-/jsonfile-6.2.1.tgz. Extracting by manifest.
897 silly tarball no local data for jspdf@https://registry.npmjs.org/jspdf/-/jspdf-4.2.1.tgz. Extracting by manifest.
898 silly tarball no local data for json-stable-stringify-without-jsonify@https://registry.npmjs.org/json-stable-stringify-without-jsonify/-/json-stable-stringify-without-jsonify-1.0.1.tgz. Extracting by manifest.
899 silly tarball no local data for json-schema-traverse@https://registry.npmjs.org/json-schema-traverse/-/json-schema-traverse-0.4.1.tgz. Extracting by manifest.
900 silly tarball no local data for json-parse-even-better-errors@https://registry.npmjs.org/json-parse-even-better-errors/-/json-parse-even-better-errors-2.3.1.tgz. Extracting by manifest.
901 silly tarball no local data for json-buffer@https://registry.npmjs.org/json-buffer/-/json-buffer-3.0.1.tgz. Extracting by manifest.
902 silly tarball no local data for jsesc@https://registry.npmjs.org/jsesc/-/jsesc-3.1.0.tgz. Extracting by manifest.
903 silly tarball no local data for jose@https://registry.npmjs.org/jose/-/jose-6.2.3.tgz. Extracting by manifest.
904 silly tarball no local data for jiti@https://registry.npmjs.org/jiti/-/jiti-2.6.1.tgz. Extracting by manifest.
905 silly tarball no local data for json-schema-typed@https://registry.npmjs.org/json-schema-typed/-/json-schema-typed-8.0.2.tgz. Extracting by manifest.
906 silly tarball no local data for js-yaml@https://registry.npmjs.org/js-yaml/-/js-yaml-4.1.1.tgz. Extracting by manifest.
907 silly tarball no local data for isexe@https://registry.npmjs.org/isexe/-/isexe-2.0.0.tgz. Extracting by manifest.
908 silly tarball no local data for iterator.prototype@https://registry.npmjs.org/iterator.prototype/-/iterator.prototype-1.1.5.tgz. Extracting by manifest.
909 silly tarball no local data for isarray@https://registry.npmjs.org/isarray/-/isarray-2.0.5.tgz. Extracting by manifest.
910 silly tarball no local data for js-tokens@https://registry.npmjs.org/js-tokens/-/js-tokens-4.0.0.tgz. Extracting by manifest.
911 silly tarball no local data for is-wsl@https://registry.npmjs.org/is-wsl/-/is-wsl-3.1.1.tgz. Extracting by manifest.
912 silly tarball no local data for is-weakset@https://registry.npmjs.org/is-weakset/-/is-weakset-2.0.4.tgz. Extracting by manifest.
913 silly tarball no local data for json5@https://registry.npmjs.org/json5/-/json5-2.2.3.tgz. Extracting by manifest.
914 silly tarball no local data for is-weakref@https://registry.npmjs.org/is-weakref/-/is-weakref-1.1.1.tgz. Extracting by manifest.
915 silly tarball no local data for is-unicode-supported@https://registry.npmjs.org/is-unicode-supported/-/is-unicode-supported-2.1.0.tgz. Extracting by manifest.
916 silly tarball no local data for is-symbol@https://registry.npmjs.org/is-symbol/-/is-symbol-1.1.1.tgz. Extracting by manifest.
917 silly tarball no local data for is-string@https://registry.npmjs.org/is-string/-/is-string-1.1.1.tgz. Extracting by manifest.
918 silly tarball no local data for is-weakmap@https://registry.npmjs.org/is-weakmap/-/is-weakmap-2.0.2.tgz. Extracting by manifest.
919 silly tarball no local data for is-stream@https://registry.npmjs.org/is-stream/-/is-stream-4.0.1.tgz. Extracting by manifest.
920 silly tarball no local data for is-shared-array-buffer@https://registry.npmjs.org/is-shared-array-buffer/-/is-shared-array-buffer-1.0.4.tgz. Extracting by manifest.
921 silly tarball no local data for is-set@https://registry.npmjs.org/is-set/-/is-set-2.0.3.tgz. Extracting by manifest.
922 silly tarball no local data for is-regexp@https://registry.npmjs.org/is-regexp/-/is-regexp-3.1.0.tgz. Extracting by manifest.
923 silly tarball no local data for is-plain-obj@https://registry.npmjs.org/is-plain-obj/-/is-plain-obj-4.1.0.tgz. Extracting by manifest.
924 silly tarball no local data for is-obj@https://registry.npmjs.org/is-obj/-/is-obj-3.0.0.tgz. Extracting by manifest.
925 silly tarball no local data for is-promise@https://registry.npmjs.org/is-promise/-/is-promise-4.0.0.tgz. Extracting by manifest.
926 silly tarball no local data for is-number-object@https://registry.npmjs.org/is-number-object/-/is-number-object-1.1.1.tgz. Extracting by manifest.
927 silly tarball no local data for is-node-process@https://registry.npmjs.org/is-node-process/-/is-node-process-1.2.0.tgz. Extracting by manifest.
928 silly tarball no local data for is-number@https://registry.npmjs.org/is-number/-/is-number-7.0.0.tgz. Extracting by manifest.
929 silly tarball no local data for is-map@https://registry.npmjs.org/is-map/-/is-map-2.0.3.tgz. Extracting by manifest.
930 silly tarball no local data for is-interactive@https://registry.npmjs.org/is-interactive/-/is-interactive-2.0.0.tgz. Extracting by manifest.
931 silly tarball no local data for is-inside-container@https://registry.npmjs.org/is-inside-container/-/is-inside-container-1.0.0.tgz. Extracting by manifest.
932 silly tarball no local data for is-negative-zero@https://registry.npmjs.org/is-negative-zero/-/is-negative-zero-2.0.3.tgz. Extracting by manifest.
933 silly tarball no local data for is-in-ssh@https://registry.npmjs.org/is-in-ssh/-/is-in-ssh-1.0.0.tgz. Extracting by manifest.
934 silly tarball no local data for is-typed-array@https://registry.npmjs.org/is-typed-array/-/is-typed-array-1.1.15.tgz. Extracting by manifest.
935 silly tarball no local data for is-glob@https://registry.npmjs.org/is-glob/-/is-glob-4.0.3.tgz. Extracting by manifest.
936 silly tarball no local data for is-regex@https://registry.npmjs.org/is-regex/-/is-regex-1.2.1.tgz. Extracting by manifest.
937 silly tarball no local data for is-generator-function@https://registry.npmjs.org/is-generator-function/-/is-generator-function-1.1.2.tgz. Extracting by manifest.
938 silly tarball no local data for is-fullwidth-code-point@https://registry.npmjs.org/is-fullwidth-code-point/-/is-fullwidth-code-point-3.0.0.tgz. Extracting by manifest.
939 silly tarball no local data for is-finalizationregistry@https://registry.npmjs.org/is-finalizationregistry/-/is-finalizationregistry-1.1.1.tgz. Extracting by manifest.
940 silly tarball no local data for is-extglob@https://registry.npmjs.org/is-extglob/-/is-extglob-2.1.1.tgz. Extracting by manifest.
941 silly tarball no local data for is-date-object@https://registry.npmjs.org/is-date-object/-/is-date-object-1.1.0.tgz. Extracting by manifest.
942 silly tarball no local data for is-core-module@https://registry.npmjs.org/is-core-module/-/is-core-module-2.16.1.tgz. Extracting by manifest.
943 silly tarball no local data for is-data-view@https://registry.npmjs.org/is-data-view/-/is-data-view-1.0.2.tgz. Extracting by manifest.
944 silly tarball no local data for is-callable@https://registry.npmjs.org/is-callable/-/is-callable-1.2.7.tgz. Extracting by manifest.
945 silly tarball no local data for is-boolean-object@https://registry.npmjs.org/is-boolean-object/-/is-boolean-object-1.2.2.tgz. Extracting by manifest.
946 silly tarball no local data for is-docker@https://registry.npmjs.org/is-docker/-/is-docker-3.0.0.tgz. Extracting by manifest.
947 silly tarball no local data for is-bigint@https://registry.npmjs.org/is-bigint/-/is-bigint-1.1.0.tgz. Extracting by manifest.
948 silly tarball no local data for is-arrayish@https://registry.npmjs.org/is-arrayish/-/is-arrayish-0.2.1.tgz. Extracting by manifest.
949 silly tarball no local data for is-async-function@https://registry.npmjs.org/is-async-function/-/is-async-function-2.1.1.tgz. Extracting by manifest.
950 silly tarball no local data for is-array-buffer@https://registry.npmjs.org/is-array-buffer/-/is-array-buffer-3.0.5.tgz. Extracting by manifest.
951 silly tarball no local data for ipaddr.js@https://registry.npmjs.org/ipaddr.js/-/ipaddr.js-1.9.1.tgz. Extracting by manifest.
952 silly tarball no local data for is-bun-module@https://registry.npmjs.org/is-bun-module/-/is-bun-module-2.0.0.tgz. Extracting by manifest.
953 silly tarball no local data for iobuffer@https://registry.npmjs.org/iobuffer/-/iobuffer-5.4.0.tgz. Extracting by manifest.
954 silly tarball no local data for inherits@https://registry.npmjs.org/inherits/-/inherits-2.0.4.tgz. Extracting by manifest.
955 silly tarball no local data for ip-address@https://registry.npmjs.org/ip-address/-/ip-address-10.1.0.tgz. Extracting by manifest.
956 silly tarball no local data for internal-slot@https://registry.npmjs.org/internal-slot/-/internal-slot-1.1.0.tgz. Extracting by manifest.
957 silly tarball no local data for import-fresh@https://registry.npmjs.org/import-fresh/-/import-fresh-3.3.1.tgz. Extracting by manifest.
958 silly tarball no local data for ignore@https://registry.npmjs.org/ignore/-/ignore-5.3.2.tgz. Extracting by manifest.
959 silly tarball no local data for iceberg-js@https://registry.npmjs.org/iceberg-js/-/iceberg-js-0.8.1.tgz. Extracting by manifest.
960 silly tarball no local data for http-errors@https://registry.npmjs.org/http-errors/-/http-errors-2.0.1.tgz. Extracting by manifest.
961 silly tarball no local data for human-signals@https://registry.npmjs.org/human-signals/-/human-signals-8.0.1.tgz. Extracting by manifest.
962 silly tarball no local data for imurmurhash@https://registry.npmjs.org/imurmurhash/-/imurmurhash-0.1.4.tgz. Extracting by manifest.
963 silly tarball no local data for https-proxy-agent@https://registry.npmjs.org/https-proxy-agent/-/https-proxy-agent-7.0.6.tgz. Extracting by manifest.
964 silly tarball no local data for iconv-lite@https://registry.npmjs.org/iconv-lite/-/iconv-lite-0.7.2.tgz. Extracting by manifest.
965 silly tarball no local data for html2canvas@https://registry.npmjs.org/html2canvas/-/html2canvas-1.4.1.tgz. Extracting by manifest.
966 silly tarball no local data for hono@https://registry.npmjs.org/hono/-/hono-4.12.16.tgz. Extracting by manifest.
967 silly tarball no local data for hermes-estree@https://registry.npmjs.org/hermes-estree/-/hermes-estree-0.25.1.tgz. Extracting by manifest.
968 silly tarball no local data for headers-polyfill@https://registry.npmjs.org/headers-polyfill/-/headers-polyfill-5.0.1.tgz. Extracting by manifest.
969 silly tarball no local data for hasown@https://registry.npmjs.org/hasown/-/hasown-2.0.3.tgz. Extracting by manifest.
970 silly tarball no local data for has-tostringtag@https://registry.npmjs.org/has-tostringtag/-/has-tostringtag-1.0.2.tgz. Extracting by manifest.
971 silly tarball no local data for has-symbols@https://registry.npmjs.org/has-symbols/-/has-symbols-1.1.0.tgz. Extracting by manifest.
972 silly tarball no local data for has-property-descriptors@https://registry.npmjs.org/has-property-descriptors/-/has-property-descriptors-1.0.2.tgz. Extracting by manifest.
973 silly tarball no local data for has-proto@https://registry.npmjs.org/has-proto/-/has-proto-1.2.0.tgz. Extracting by manifest.
974 silly tarball no local data for hermes-parser@https://registry.npmjs.org/hermes-parser/-/hermes-parser-0.25.1.tgz. Extracting by manifest.
975 silly tarball no local data for has-flag@https://registry.npmjs.org/has-flag/-/has-flag-4.0.0.tgz. Extracting by manifest.
976 silly tarball no local data for has-bigints@https://registry.npmjs.org/has-bigints/-/has-bigints-1.1.0.tgz. Extracting by manifest.
977 silly tarball no local data for graphql@https://registry.npmjs.org/graphql/-/graphql-16.13.2.tgz. Extracting by manifest.
978 silly tarball no local data for gopd@https://registry.npmjs.org/gopd/-/gopd-1.2.0.tgz. Extracting by manifest.
979 silly tarball no local data for globals@https://registry.npmjs.org/globals/-/globals-14.0.0.tgz. Extracting by manifest.
980 silly tarball no local data for globalthis@https://registry.npmjs.org/globalthis/-/globalthis-1.0.4.tgz. Extracting by manifest.
981 silly tarball no local data for glob-parent@https://registry.npmjs.org/glob-parent/-/glob-parent-6.0.2.tgz. Extracting by manifest.
982 silly tarball no local data for get-tsconfig@https://registry.npmjs.org/get-tsconfig/-/get-tsconfig-4.14.0.tgz. Extracting by manifest.
983 silly tarball no local data for get-own-enumerable-keys@https://registry.npmjs.org/get-own-enumerable-keys/-/get-own-enumerable-keys-1.0.0.tgz. Extracting by manifest.
984 silly tarball no local data for get-stream@https://registry.npmjs.org/get-stream/-/get-stream-9.0.1.tgz. Extracting by manifest.
985 silly tarball no local data for graceful-fs@https://registry.npmjs.org/graceful-fs/-/graceful-fs-4.2.11.tgz. Extracting by manifest.
986 silly tarball no local data for get-intrinsic@https://registry.npmjs.org/get-intrinsic/-/get-intrinsic-1.3.0.tgz. Extracting by manifest.
987 silly tarball no local data for get-east-asian-width@https://registry.npmjs.org/get-east-asian-width/-/get-east-asian-width-1.5.0.tgz. Extracting by manifest.
988 silly tarball no local data for get-symbol-description@https://registry.npmjs.org/get-symbol-description/-/get-symbol-description-1.1.0.tgz. Extracting by manifest.
989 silly tarball no local data for get-caller-file@https://registry.npmjs.org/get-caller-file/-/get-caller-file-2.0.5.tgz. Extracting by manifest.
990 silly tarball no local data for gensync@https://registry.npmjs.org/gensync/-/gensync-1.0.0-beta.2.tgz. Extracting by manifest.
991 silly tarball no local data for generator-function@https://registry.npmjs.org/generator-function/-/generator-function-2.0.1.tgz. Extracting by manifest.
992 silly tarball no local data for functions-have-names@https://registry.npmjs.org/functions-have-names/-/functions-have-names-1.2.3.tgz. Extracting by manifest.
993 silly tarball no local data for function.prototype.name@https://registry.npmjs.org/function.prototype.name/-/function.prototype.name-1.1.8.tgz. Extracting by manifest.
994 silly tarball no local data for fuzzysort@https://registry.npmjs.org/fuzzysort/-/fuzzysort-3.1.0.tgz. Extracting by manifest.
995 silly tarball no local data for get-proto@https://registry.npmjs.org/get-proto/-/get-proto-1.0.1.tgz. Extracting by manifest.
996 silly tarball no local data for forwarded@https://registry.npmjs.org/forwarded/-/forwarded-0.2.0.tgz. Extracting by manifest.
997 silly tarball no local data for function-bind@https://registry.npmjs.org/function-bind/-/function-bind-1.1.2.tgz. Extracting by manifest.
998 silly tarball no local data for fs-extra@https://registry.npmjs.org/fs-extra/-/fs-extra-11.3.4.tgz. Extracting by manifest.
999 silly tarball no local data for flatted@https://registry.npmjs.org/flatted/-/flatted-3.4.2.tgz. Extracting by manifest.
1000 silly tarball no local data for fresh@https://registry.npmjs.org/fresh/-/fresh-2.0.0.tgz. Extracting by manifest.
1001 silly tarball no local data for flat-cache@https://registry.npmjs.org/flat-cache/-/flat-cache-4.0.1.tgz. Extracting by manifest.
1002 silly tarball no local data for find-up@https://registry.npmjs.org/find-up/-/find-up-5.0.0.tgz. Extracting by manifest.
1003 silly tarball no local data for for-each@https://registry.npmjs.org/for-each/-/for-each-0.3.5.tgz. Extracting by manifest.
1004 silly tarball no local data for fill-range@https://registry.npmjs.org/fill-range/-/fill-range-7.1.1.tgz. Extracting by manifest.
1005 silly tarball no local data for file-entry-cache@https://registry.npmjs.org/file-entry-cache/-/file-entry-cache-8.0.0.tgz. Extracting by manifest.
1006 silly tarball no local data for figures@https://registry.npmjs.org/figures/-/figures-6.1.0.tgz. Extracting by manifest.
1007 silly tarball no local data for finalhandler@https://registry.npmjs.org/finalhandler/-/finalhandler-2.1.1.tgz. Extracting by manifest.
1008 silly tarball no local data for fflate@https://registry.npmjs.org/fflate/-/fflate-0.8.2.tgz. Extracting by manifest.
1009 silly tarball no local data for fetch-blob@https://registry.npmjs.org/fetch-blob/-/fetch-blob-3.2.0.tgz. Extracting by manifest.
1010 silly tarball no local data for fast-wrap-ansi@https://registry.npmjs.org/fast-wrap-ansi/-/fast-wrap-ansi-0.2.0.tgz. Extracting by manifest.
1011 silly tarball no local data for fastq@https://registry.npmjs.org/fastq/-/fastq-1.20.1.tgz. Extracting by manifest.
1012 silly tarball no local data for fast-uri@https://registry.npmjs.org/fast-uri/-/fast-uri-3.1.0.tgz. Extracting by manifest.
1013 silly tarball no local data for fast-levenshtein@https://registry.npmjs.org/fast-levenshtein/-/fast-levenshtein-2.0.6.tgz. Extracting by manifest.
1014 silly tarball no local data for fast-png@https://registry.npmjs.org/fast-png/-/fast-png-6.4.0.tgz. Extracting by manifest.
1015 silly tarball no local data for formdata-polyfill@https://registry.npmjs.org/formdata-polyfill/-/formdata-polyfill-4.0.10.tgz. Extracting by manifest.
1016 silly tarball no local data for fast-json-stable-stringify@https://registry.npmjs.org/fast-json-stable-stringify/-/fast-json-stable-stringify-2.1.0.tgz. Extracting by manifest.
1017 silly tarball no local data for fast-deep-equal@https://registry.npmjs.org/fast-deep-equal/-/fast-deep-equal-3.1.3.tgz. Extracting by manifest.
1018 silly tarball no local data for fast-glob@https://registry.npmjs.org/fast-glob/-/fast-glob-3.3.1.tgz. Extracting by manifest.
1019 silly tarball no local data for fast-string-truncated-width@https://registry.npmjs.org/fast-string-truncated-width/-/fast-string-truncated-width-3.0.3.tgz. Extracting by manifest.
1020 silly tarball no local data for express@https://registry.npmjs.org/express/-/express-5.2.1.tgz. Extracting by manifest.
1021 silly tarball no local data for express-rate-limit@https://registry.npmjs.org/express-rate-limit/-/express-rate-limit-8.4.1.tgz. Extracting by manifest.
1022 silly tarball no local data for execa@https://registry.npmjs.org/execa/-/execa-9.6.1.tgz. Extracting by manifest.
1023 silly tarball no local data for eventsource-parser@https://registry.npmjs.org/eventsource-parser/-/eventsource-parser-3.0.8.tgz. Extracting by manifest.
1024 silly tarball no local data for etag@https://registry.npmjs.org/etag/-/etag-1.8.1.tgz. Extracting by manifest.
1025 silly tarball no local data for fast-string-width@https://registry.npmjs.org/fast-string-width/-/fast-string-width-3.0.2.tgz. Extracting by manifest.
1026 silly tarball no local data for esquery@https://registry.npmjs.org/esquery/-/esquery-1.7.0.tgz. Extracting by manifest.
1027 silly tarball no local data for estraverse@https://registry.npmjs.org/estraverse/-/estraverse-5.3.0.tgz. Extracting by manifest.
1028 silly tarball no local data for esrecurse@https://registry.npmjs.org/esrecurse/-/esrecurse-4.3.0.tgz. Extracting by manifest.
1029 silly tarball no local data for eventsource@https://registry.npmjs.org/eventsource/-/eventsource-3.0.7.tgz. Extracting by manifest.
1030 silly tarball no local data for eslint-visitor-keys@https://registry.npmjs.org/eslint-visitor-keys/-/eslint-visitor-keys-4.2.1.tgz. Extracting by manifest.
1031 silly tarball no local data for espree@https://registry.npmjs.org/espree/-/espree-10.4.0.tgz. Extracting by manifest.
1032 silly tarball no local data for eslint-scope@https://registry.npmjs.org/eslint-scope/-/eslint-scope-8.4.0.tgz. Extracting by manifest.
1033 silly tarball no local data for eslint-plugin-react@https://registry.npmjs.org/eslint-plugin-react/-/eslint-plugin-react-7.37.5.tgz. Extracting by manifest.
1034 silly tarball no local data for eslint-plugin-react-hooks@https://registry.npmjs.org/eslint-plugin-react-hooks/-/eslint-plugin-react-hooks-7.1.1.tgz. Extracting by manifest.
1035 silly tarball no local data for esutils@https://registry.npmjs.org/esutils/-/esutils-2.0.3.tgz. Extracting by manifest.
1036 silly tarball no local data for esprima@https://registry.npmjs.org/esprima/-/esprima-4.0.1.tgz. Extracting by manifest.
1037 silly tarball no local data for eslint-plugin-jsx-a11y@https://registry.npmjs.org/eslint-plugin-jsx-a11y/-/eslint-plugin-jsx-a11y-6.10.2.tgz. Extracting by manifest.
1038 silly tarball no local data for eslint-plugin-import@https://registry.npmjs.org/eslint-plugin-import/-/eslint-plugin-import-2.32.0.tgz. Extracting by manifest.
1039 silly tarball no local data for eslint-module-utils@https://registry.npmjs.org/eslint-module-utils/-/eslint-module-utils-2.12.1.tgz. Extracting by manifest.
1040 silly tarball no local data for eslint-import-resolver-node@https://registry.npmjs.org/eslint-import-resolver-node/-/eslint-import-resolver-node-0.3.10.tgz. Extracting by manifest.
1041 silly tarball no local data for eslint-config-next@https://registry.npmjs.org/eslint-config-next/-/eslint-config-next-16.2.4.tgz. Extracting by manifest.
1042 silly tarball no local data for escape-string-regexp@https://registry.npmjs.org/escape-string-regexp/-/escape-string-regexp-4.0.0.tgz. Extracting by manifest.
1043 silly tarball no local data for escalade@https://registry.npmjs.org/escalade/-/escalade-3.2.0.tgz. Extracting by manifest.
1044 silly tarball no local data for es-to-primitive@https://registry.npmjs.org/es-to-primitive/-/es-to-primitive-1.3.0.tgz. Extracting by manifest.
1045 silly tarball no local data for es-shim-unscopables@https://registry.npmjs.org/es-shim-unscopables/-/es-shim-unscopables-1.1.0.tgz. Extracting by manifest.
1046 silly tarball no local data for escape-html@https://registry.npmjs.org/escape-html/-/escape-html-1.0.3.tgz. Extracting by manifest.
1047 silly tarball no local data for es-set-tostringtag@https://registry.npmjs.org/es-set-tostringtag/-/es-set-tostringtag-2.1.0.tgz. Extracting by manifest.
1048 silly tarball no local data for eslint-import-resolver-typescript@https://registry.npmjs.org/eslint-import-resolver-typescript/-/eslint-import-resolver-typescript-3.10.1.tgz. Extracting by manifest.
1049 silly tarball no local data for es-object-atoms@https://registry.npmjs.org/es-object-atoms/-/es-object-atoms-1.1.1.tgz. Extracting by manifest.
1050 silly tarball no local data for es-iterator-helpers@https://registry.npmjs.org/es-iterator-helpers/-/es-iterator-helpers-1.3.2.tgz. Extracting by manifest.
1051 silly tarball no local data for eslint@https://registry.npmjs.org/eslint/-/eslint-9.39.4.tgz. Extracting by manifest.
1052 silly tarball no local data for error-ex@https://registry.npmjs.org/error-ex/-/error-ex-1.3.4.tgz. Extracting by manifest.
1053 silly tarball no local data for es-abstract@https://registry.npmjs.org/es-abstract/-/es-abstract-1.24.2.tgz. Extracting by manifest.
1054 silly tarball no local data for es-define-property@https://registry.npmjs.org/es-define-property/-/es-define-property-1.0.1.tgz. Extracting by manifest.
1055 silly tarball no local data for es-errors@https://registry.npmjs.org/es-errors/-/es-errors-1.3.0.tgz. Extracting by manifest.
1056 silly tarball no local data for emoji-regex@https://registry.npmjs.org/emoji-regex/-/emoji-regex-9.2.2.tgz. Extracting by manifest.
1057 silly tarball no local data for electron-to-chromium@https://registry.npmjs.org/electron-to-chromium/-/electron-to-chromium-1.5.349.tgz. Extracting by manifest.
1058 silly tarball no local data for env-paths@https://registry.npmjs.org/env-paths/-/env-paths-2.2.1.tgz. Extracting by manifest.
1059 silly tarball no local data for eciesjs@https://registry.npmjs.org/eciesjs/-/eciesjs-0.4.18.tgz. Extracting by manifest.
1060 silly tarball no local data for dunder-proto@https://registry.npmjs.org/dunder-proto/-/dunder-proto-1.0.1.tgz. Extracting by manifest.
1061 silly tarball no local data for encodeurl@https://registry.npmjs.org/encodeurl/-/encodeurl-2.0.0.tgz. Extracting by manifest.
1062 silly tarball no local data for doctrine@https://registry.npmjs.org/doctrine/-/doctrine-2.1.0.tgz. Extracting by manifest.
1063 silly tarball no local data for dompurify@https://registry.npmjs.org/dompurify/-/dompurify-3.4.2.tgz. Extracting by manifest.
1064 silly tarball no local data for diff@https://registry.npmjs.org/diff/-/diff-8.0.4.tgz. Extracting by manifest.
1065 silly tarball no local data for enhanced-resolve@https://registry.npmjs.org/enhanced-resolve/-/enhanced-resolve-5.21.0.tgz. Extracting by manifest.
1066 silly tarball no local data for dexie-react-hooks@https://registry.npmjs.org/dexie-react-hooks/-/dexie-react-hooks-4.4.0.tgz. Extracting by manifest.
1067 silly tarball no local data for ee-first@https://registry.npmjs.org/ee-first/-/ee-first-1.1.1.tgz. Extracting by manifest.
1068 silly tarball no local data for dexie@https://registry.npmjs.org/dexie/-/dexie-4.4.2.tgz. Extracting by manifest.
1069 silly tarball no local data for detect-libc@https://registry.npmjs.org/detect-libc/-/detect-libc-2.1.2.tgz. Extracting by manifest.
1070 silly tarball no local data for dotenv@https://registry.npmjs.org/dotenv/-/dotenv-17.4.2.tgz. Extracting by manifest.
1071 silly tarball no local data for define-properties@https://registry.npmjs.org/define-properties/-/define-properties-1.2.1.tgz. Extracting by manifest.
1072 silly tarball no local data for define-lazy-prop@https://registry.npmjs.org/define-lazy-prop/-/define-lazy-prop-3.0.0.tgz. Extracting by manifest.
1073 silly tarball no local data for define-data-property@https://registry.npmjs.org/define-data-property/-/define-data-property-1.1.4.tgz. Extracting by manifest.
1074 silly tarball no local data for default-browser-id@https://registry.npmjs.org/default-browser-id/-/default-browser-id-5.0.1.tgz. Extracting by manifest.
1075 silly tarball no local data for deep-is@https://registry.npmjs.org/deep-is/-/deep-is-0.1.4.tgz. Extracting by manifest.
1076 silly tarball no local data for default-browser@https://registry.npmjs.org/default-browser/-/default-browser-5.5.0.tgz. Extracting by manifest.
1077 silly tarball no local data for depd@https://registry.npmjs.org/depd/-/depd-2.0.0.tgz. Extracting by manifest.
1078 silly tarball no local data for dedent@https://registry.npmjs.org/dedent/-/dedent-1.7.2.tgz. Extracting by manifest.
1079 silly tarball no local data for debug@https://registry.npmjs.org/debug/-/debug-4.4.3.tgz. Extracting by manifest.
1080 silly tarball no local data for data-view-byte-offset@https://registry.npmjs.org/data-view-byte-offset/-/data-view-byte-offset-1.0.1.tgz. Extracting by manifest.
1081 silly tarball no local data for data-uri-to-buffer@https://registry.npmjs.org/data-uri-to-buffer/-/data-uri-to-buffer-4.0.1.tgz. Extracting by manifest.
1082 silly tarball no local data for data-view-buffer@https://registry.npmjs.org/data-view-buffer/-/data-view-buffer-1.0.2.tgz. Extracting by manifest.
1083 silly tarball no local data for data-view-byte-length@https://registry.npmjs.org/data-view-byte-length/-/data-view-byte-length-1.0.2.tgz. Extracting by manifest.
1084 silly tarball no local data for damerau-levenshtein@https://registry.npmjs.org/damerau-levenshtein/-/damerau-levenshtein-1.0.8.tgz. Extracting by manifest.
1085 silly tarball no local data for cssesc@https://registry.npmjs.org/cssesc/-/cssesc-3.0.0.tgz. Extracting by manifest.
1086 silly tarball no local data for css-line-break@https://registry.npmjs.org/css-line-break/-/css-line-break-2.1.0.tgz. Extracting by manifest.
1087 silly tarball no local data for deepmerge@https://registry.npmjs.org/deepmerge/-/deepmerge-4.3.1.tgz. Extracting by manifest.
1088 silly tarball no local data for cosmiconfig@https://registry.npmjs.org/cosmiconfig/-/cosmiconfig-9.0.1.tgz. Extracting by manifest.
1089 silly tarball no local data for cookie-signature@https://registry.npmjs.org/cookie-signature/-/cookie-signature-1.2.2.tgz. Extracting by manifest.
1090 silly tarball no local data for cors@https://registry.npmjs.org/cors/-/cors-2.8.6.tgz. Extracting by manifest.
1091 silly tarball no local data for cookie@https://registry.npmjs.org/cookie/-/cookie-0.7.2.tgz. Extracting by manifest.
1092 silly tarball no local data for content-type@https://registry.npmjs.org/content-type/-/content-type-1.0.5.tgz. Extracting by manifest.
1093 silly tarball no local data for core-js@https://registry.npmjs.org/core-js/-/core-js-3.49.0.tgz. Extracting by manifest.
1094 silly tarball no local data for convert-source-map@https://registry.npmjs.org/convert-source-map/-/convert-source-map-2.0.0.tgz. Extracting by manifest.
1095 silly tarball no local data for commander@https://registry.npmjs.org/commander/-/commander-14.0.3.tgz. Extracting by manifest.
1096 silly tarball no local data for content-disposition@https://registry.npmjs.org/content-disposition/-/content-disposition-1.1.0.tgz. Extracting by manifest.
1097 silly tarball no local data for cross-spawn@https://registry.npmjs.org/cross-spawn/-/cross-spawn-7.0.6.tgz. Extracting by manifest.
1098 silly tarball no local data for concat-map@https://registry.npmjs.org/concat-map/-/concat-map-0.0.1.tgz. Extracting by manifest.
1099 silly tarball no local data for code-block-writer@https://registry.npmjs.org/code-block-writer/-/code-block-writer-13.0.3.tgz. Extracting by manifest.
1100 silly tarball no local data for clsx@https://registry.npmjs.org/clsx/-/clsx-2.1.1.tgz. Extracting by manifest.
1101 silly tarball no local data for cliui@https://registry.npmjs.org/cliui/-/cliui-8.0.1.tgz. Extracting by manifest.
1102 silly tarball no local data for client-only@https://registry.npmjs.org/client-only/-/client-only-0.0.1.tgz. Extracting by manifest.
1103 silly tarball no local data for color-name@https://registry.npmjs.org/color-name/-/color-name-1.1.4.tgz. Extracting by manifest.
1104 silly tarball no local data for cli-width@https://registry.npmjs.org/cli-width/-/cli-width-4.1.0.tgz. Extracting by manifest.
1105 silly tarball no local data for cli-spinners@https://registry.npmjs.org/cli-spinners/-/cli-spinners-2.9.2.tgz. Extracting by manifest.
1106 silly tarball no local data for cli-cursor@https://registry.npmjs.org/cli-cursor/-/cli-cursor-5.0.0.tgz. Extracting by manifest.
1107 silly tarball no local data for canvg@https://registry.npmjs.org/canvg/-/canvg-3.0.11.tgz. Extracting by manifest.
1108 silly tarball no local data for chalk@https://registry.npmjs.org/chalk/-/chalk-4.1.2.tgz. Extracting by manifest.
1109 silly tarball no local data for callsites@https://registry.npmjs.org/callsites/-/callsites-3.1.0.tgz. Extracting by manifest.
1110 silly tarball no local data for color-convert@https://registry.npmjs.org/color-convert/-/color-convert-2.0.1.tgz. Extracting by manifest.
1111 silly tarball no local data for call-bound@https://registry.npmjs.org/call-bound/-/call-bound-1.0.4.tgz. Extracting by manifest.
1112 silly tarball no local data for class-variance-authority@https://registry.npmjs.org/class-variance-authority/-/class-variance-authority-0.7.1.tgz. Extracting by manifest.
1113 silly tarball no local data for call-bind-apply-helpers@https://registry.npmjs.org/call-bind-apply-helpers/-/call-bind-apply-helpers-1.0.2.tgz. Extracting by manifest.
1114 silly tarball no local data for call-bind@https://registry.npmjs.org/call-bind/-/call-bind-1.0.9.tgz. Extracting by manifest.
1115 silly tarball no local data for bytes@https://registry.npmjs.org/bytes/-/bytes-3.1.2.tgz. Extracting by manifest.
1116 silly tarball no local data for bundle-name@https://registry.npmjs.org/bundle-name/-/bundle-name-4.1.0.tgz. Extracting by manifest.
1117 silly tarball no local data for braces@https://registry.npmjs.org/braces/-/braces-3.0.3.tgz. Extracting by manifest.
1118 silly tarball no local data for brace-expansion@https://registry.npmjs.org/brace-expansion/-/brace-expansion-1.1.14.tgz. Extracting by manifest.
1119 silly tarball no local data for browserslist@https://registry.npmjs.org/browserslist/-/browserslist-4.28.2.tgz. Extracting by manifest.
1120 silly tarball no local data for body-parser@https://registry.npmjs.org/body-parser/-/body-parser-2.2.2.tgz. Extracting by manifest.
1121 silly tarball no local data for baseline-browser-mapping@https://registry.npmjs.org/baseline-browser-mapping/-/baseline-browser-mapping-2.10.25.tgz. Extracting by manifest.
1122 silly tarball no local data for balanced-match@https://registry.npmjs.org/balanced-match/-/balanced-match-1.0.2.tgz. Extracting by manifest.
1123 silly tarball no local data for axobject-query@https://registry.npmjs.org/axobject-query/-/axobject-query-4.1.0.tgz. Extracting by manifest.
1124 silly tarball no local data for axe-core@https://registry.npmjs.org/axe-core/-/axe-core-4.11.4.tgz. Extracting by manifest.
1125 silly tarball no local data for available-typed-arrays@https://registry.npmjs.org/available-typed-arrays/-/available-typed-arrays-1.0.7.tgz. Extracting by manifest.
1126 silly tarball no local data for caniuse-lite@https://registry.npmjs.org/caniuse-lite/-/caniuse-lite-1.0.30001791.tgz. Extracting by manifest.
1127 silly tarball no local data for async-function@https://registry.npmjs.org/async-function/-/async-function-1.0.0.tgz. Extracting by manifest.
1128 silly tarball no local data for arraybuffer.prototype.slice@https://registry.npmjs.org/arraybuffer.prototype.slice/-/arraybuffer.prototype.slice-1.0.4.tgz. Extracting by manifest.
1129 silly tarball no local data for base64-arraybuffer@https://registry.npmjs.org/base64-arraybuffer/-/base64-arraybuffer-1.0.2.tgz. Extracting by manifest.
1130 silly tarball no local data for ast-types@https://registry.npmjs.org/ast-types/-/ast-types-0.16.1.tgz. Extracting by manifest.
1131 silly tarball no local data for array.prototype.findlastindex@https://registry.npmjs.org/array.prototype.findlastindex/-/array.prototype.findlastindex-1.2.6.tgz. Extracting by manifest.
1132 silly tarball no local data for array.prototype.flatmap@https://registry.npmjs.org/array.prototype.flatmap/-/array.prototype.flatmap-1.3.3.tgz. Extracting by manifest.
1133 silly tarball no local data for array.prototype.findlast@https://registry.npmjs.org/array.prototype.findlast/-/array.prototype.findlast-1.2.5.tgz. Extracting by manifest.
1134 silly tarball no local data for array.prototype.tosorted@https://registry.npmjs.org/array.prototype.tosorted/-/array.prototype.tosorted-1.1.4.tgz. Extracting by manifest.
1135 silly tarball no local data for ast-types-flow@https://registry.npmjs.org/ast-types-flow/-/ast-types-flow-0.0.8.tgz. Extracting by manifest.
1136 silly tarball no local data for array-includes@https://registry.npmjs.org/array-includes/-/array-includes-3.1.9.tgz. Extracting by manifest.
1137 silly tarball no local data for array-buffer-byte-length@https://registry.npmjs.org/array-buffer-byte-length/-/array-buffer-byte-length-1.0.2.tgz. Extracting by manifest.
1138 silly tarball no local data for argparse@https://registry.npmjs.org/argparse/-/argparse-2.0.1.tgz. Extracting by manifest.
1139 silly tarball no local data for ansi-styles@https://registry.npmjs.org/ansi-styles/-/ansi-styles-4.3.0.tgz. Extracting by manifest.
1140 silly tarball no local data for aria-query@https://registry.npmjs.org/aria-query/-/aria-query-5.3.2.tgz. Extracting by manifest.
1141 silly tarball no local data for ansi-regex@https://registry.npmjs.org/ansi-regex/-/ansi-regex-6.2.2.tgz. Extracting by manifest.
1142 silly tarball no local data for ajv-formats@https://registry.npmjs.org/ajv-formats/-/ajv-formats-3.0.1.tgz. Extracting by manifest.
1143 silly tarball no local data for agent-base@https://registry.npmjs.org/agent-base/-/agent-base-7.1.4.tgz. Extracting by manifest.
1144 silly tarball no local data for array.prototype.flat@https://registry.npmjs.org/array.prototype.flat/-/array.prototype.flat-1.3.3.tgz. Extracting by manifest.
1145 silly tarball no local data for acorn@https://registry.npmjs.org/acorn/-/acorn-8.16.0.tgz. Extracting by manifest.
1146 silly tarball no local data for acorn-jsx@https://registry.npmjs.org/acorn-jsx/-/acorn-jsx-5.3.2.tgz. Extracting by manifest.
1147 silly tarball no local data for accepts@https://registry.npmjs.org/accepts/-/accepts-2.0.0.tgz. Extracting by manifest.
1148 silly tarball no local data for ajv@https://registry.npmjs.org/ajv/-/ajv-6.15.0.tgz. Extracting by manifest.
1149 silly tarball no local data for @typescript-eslint/utils@https://registry.npmjs.org/@typescript-eslint/utils/-/utils-8.59.1.tgz. Extracting by manifest.
1150 silly tarball no local data for @typescript-eslint/visitor-keys@https://registry.npmjs.org/@typescript-eslint/visitor-keys/-/visitor-keys-8.59.1.tgz. Extracting by manifest.
1151 silly tarball no local data for @typescript-eslint/typescript-estree@https://registry.npmjs.org/@typescript-eslint/typescript-estree/-/typescript-estree-8.59.1.tgz. Extracting by manifest.
1152 silly tarball no local data for @typescript-eslint/type-utils@https://registry.npmjs.org/@typescript-eslint/type-utils/-/type-utils-8.59.1.tgz. Extracting by manifest.
1153 silly tarball no local data for @unrs/resolver-binding-darwin-arm64@https://registry.npmjs.org/@unrs/resolver-binding-darwin-arm64/-/resolver-binding-darwin-arm64-1.11.1.tgz. Extracting by manifest.
1154 silly tarball no local data for @typescript-eslint/tsconfig-utils@https://registry.npmjs.org/@typescript-eslint/tsconfig-utils/-/tsconfig-utils-8.59.1.tgz. Extracting by manifest.
1155 silly tarball no local data for @typescript-eslint/types@https://registry.npmjs.org/@typescript-eslint/types/-/types-8.59.1.tgz. Extracting by manifest.
1156 silly tarball no local data for @typescript-eslint/project-service@https://registry.npmjs.org/@typescript-eslint/project-service/-/project-service-8.59.1.tgz. Extracting by manifest.
1157 silly tarball no local data for @typescript-eslint/parser@https://registry.npmjs.org/@typescript-eslint/parser/-/parser-8.59.1.tgz. Extracting by manifest.
1158 silly tarball no local data for @typescript-eslint/eslint-plugin@https://registry.npmjs.org/@typescript-eslint/eslint-plugin/-/eslint-plugin-8.59.1.tgz. Extracting by manifest.
1159 silly tarball no local data for @types/ws@https://registry.npmjs.org/@types/ws/-/ws-8.18.1.tgz. Extracting by manifest.
1160 silly tarball no local data for @types/validate-npm-package-name@https://registry.npmjs.org/@types/validate-npm-package-name/-/validate-npm-package-name-4.0.2.tgz. Extracting by manifest.
1161 silly tarball no local data for @types/trusted-types@https://registry.npmjs.org/@types/trusted-types/-/trusted-types-2.0.7.tgz. Extracting by manifest.
1162 silly tarball no local data for @types/statuses@https://registry.npmjs.org/@types/statuses/-/statuses-2.0.6.tgz. Extracting by manifest.
1163 silly tarball no local data for @types/raf@https://registry.npmjs.org/@types/raf/-/raf-3.4.3.tgz. Extracting by manifest.
1164 silly tarball no local data for @types/pako@https://registry.npmjs.org/@types/pako/-/pako-2.0.4.tgz. Extracting by manifest.
1165 silly tarball no local data for @types/node@https://registry.npmjs.org/@types/node/-/node-25.6.0.tgz. Extracting by manifest.
1166 silly tarball no local data for @types/set-cookie-parser@https://registry.npmjs.org/@types/set-cookie-parser/-/set-cookie-parser-2.4.10.tgz. Extracting by manifest.
1167 silly tarball no local data for @types/json5@https://registry.npmjs.org/@types/json5/-/json5-0.0.29.tgz. Extracting by manifest.
1168 silly tarball no local data for @types/json-schema@https://registry.npmjs.org/@types/json-schema/-/json-schema-7.0.15.tgz. Extracting by manifest.
1169 silly tarball no local data for @types/estree@https://registry.npmjs.org/@types/estree/-/estree-1.0.8.tgz. Extracting by manifest.
1170 silly tarball no local data for @tybys/wasm-util@https://registry.npmjs.org/@tybys/wasm-util/-/wasm-util-0.10.1.tgz. Extracting by manifest.
1171 silly tarball no local data for @ts-morph/common@https://registry.npmjs.org/@ts-morph/common/-/common-0.27.0.tgz. Extracting by manifest.
1172 silly tarball no local data for @tailwindcss/oxide@https://registry.npmjs.org/@tailwindcss/oxide/-/oxide-4.2.4.tgz. Extracting by manifest.
1173 silly tarball no local data for @tailwindcss/postcss@https://registry.npmjs.org/@tailwindcss/postcss/-/postcss-4.2.4.tgz. Extracting by manifest.
1174 silly tarball no local data for @tailwindcss/node@https://registry.npmjs.org/@tailwindcss/node/-/node-4.2.4.tgz. Extracting by manifest.
1175 silly tarball no local data for @tailwindcss/oxide-darwin-arm64@https://registry.npmjs.org/@tailwindcss/oxide-darwin-arm64/-/oxide-darwin-arm64-4.2.4.tgz. Extracting by manifest.
1176 silly tarball no local data for @swc/helpers@https://registry.npmjs.org/@swc/helpers/-/helpers-0.5.15.tgz. Extracting by manifest.
1177 silly tarball no local data for @supabase/supabase-js@https://registry.npmjs.org/@supabase/supabase-js/-/supabase-js-2.105.1.tgz. Extracting by manifest.
1178 silly tarball no local data for @supabase/realtime-js@https://registry.npmjs.org/@supabase/realtime-js/-/realtime-js-2.105.1.tgz. Extracting by manifest.
1179 silly tarball no local data for @supabase/storage-js@https://registry.npmjs.org/@supabase/storage-js/-/storage-js-2.105.1.tgz. Extracting by manifest.
1180 silly tarball no local data for @supabase/postgrest-js@https://registry.npmjs.org/@supabase/postgrest-js/-/postgrest-js-2.105.1.tgz. Extracting by manifest.
1181 silly tarball no local data for @supabase/functions-js@https://registry.npmjs.org/@supabase/functions-js/-/functions-js-2.105.1.tgz. Extracting by manifest.
1182 silly tarball no local data for @sec-ant/readable-stream@https://registry.npmjs.org/@sec-ant/readable-stream/-/readable-stream-0.4.1.tgz. Extracting by manifest.
1183 silly tarball no local data for @sindresorhus/merge-streams@https://registry.npmjs.org/@sindresorhus/merge-streams/-/merge-streams-4.0.0.tgz. Extracting by manifest.
1184 silly tarball no local data for @rtsao/scc@https://registry.npmjs.org/@rtsao/scc/-/scc-1.1.0.tgz. Extracting by manifest.
1185 silly tarball no local data for @open-draft/until@https://registry.npmjs.org/@open-draft/until/-/until-2.1.0.tgz. Extracting by manifest.
1186 silly tarball no local data for @supabase/auth-js@https://registry.npmjs.org/@supabase/auth-js/-/auth-js-2.105.1.tgz. Extracting by manifest.
1187 silly tarball no local data for @supabase/phoenix@https://registry.npmjs.org/@supabase/phoenix/-/phoenix-0.4.1.tgz. Extracting by manifest.
1188 silly tarball no local data for @open-draft/logger@https://registry.npmjs.org/@open-draft/logger/-/logger-0.3.0.tgz. Extracting by manifest.
1189 silly tarball no local data for @nolyfill/is-core-module@https://registry.npmjs.org/@nolyfill/is-core-module/-/is-core-module-1.0.39.tgz. Extracting by manifest.
1190 silly tarball no local data for @nodelib/fs.walk@https://registry.npmjs.org/@nodelib/fs.walk/-/fs.walk-1.2.8.tgz. Extracting by manifest.
1191 silly tarball no local data for @nodelib/fs.stat@https://registry.npmjs.org/@nodelib/fs.stat/-/fs.stat-2.0.5.tgz. Extracting by manifest.
1192 silly tarball no local data for @noble/hashes@https://registry.npmjs.org/@noble/hashes/-/hashes-1.8.0.tgz. Extracting by manifest.
1193 silly tarball no local data for @noble/curves@https://registry.npmjs.org/@noble/curves/-/curves-1.9.7.tgz. Extracting by manifest.
1194 silly tarball no local data for @nodelib/fs.scandir@https://registry.npmjs.org/@nodelib/fs.scandir/-/fs.scandir-2.1.5.tgz. Extracting by manifest.
1195 silly tarball no local data for @open-draft/deferred-promise@https://registry.npmjs.org/@open-draft/deferred-promise/-/deferred-promise-3.0.0.tgz. Extracting by manifest.
1196 silly tarball no local data for @next/eslint-plugin-next@https://registry.npmjs.org/@next/eslint-plugin-next/-/eslint-plugin-next-16.2.4.tgz. Extracting by manifest.
1197 silly tarball no local data for @typescript-eslint/scope-manager@https://registry.npmjs.org/@typescript-eslint/scope-manager/-/scope-manager-8.59.1.tgz. Extracting by manifest.
1198 silly tarball no local data for @noble/ciphers@https://registry.npmjs.org/@noble/ciphers/-/ciphers-1.3.0.tgz. Extracting by manifest.
1199 silly tarball no local data for @modelcontextprotocol/sdk@https://registry.npmjs.org/@modelcontextprotocol/sdk/-/sdk-1.29.0.tgz. Extracting by manifest.
1200 silly tarball no local data for @mswjs/interceptors@https://registry.npmjs.org/@mswjs/interceptors/-/interceptors-0.41.8.tgz. Extracting by manifest.
1201 silly tarball no local data for @next/env@https://registry.npmjs.org/@next/env/-/env-16.2.4.tgz. Extracting by manifest.
1202 silly tarball no local data for @next/swc-darwin-arm64@https://registry.npmjs.org/@next/swc-darwin-arm64/-/swc-darwin-arm64-16.2.4.tgz. Extracting by manifest.
1203 silly tarball no local data for @jridgewell/sourcemap-codec@https://registry.npmjs.org/@jridgewell/sourcemap-codec/-/sourcemap-codec-1.5.5.tgz. Extracting by manifest.
1204 silly tarball no local data for @jridgewell/trace-mapping@https://registry.npmjs.org/@jridgewell/trace-mapping/-/trace-mapping-0.3.31.tgz. Extracting by manifest.
1205 silly tarball no local data for @jridgewell/resolve-uri@https://registry.npmjs.org/@jridgewell/resolve-uri/-/resolve-uri-3.1.2.tgz. Extracting by manifest.
1206 silly tarball no local data for @inquirer/type@https://registry.npmjs.org/@inquirer/type/-/type-4.0.5.tgz. Extracting by manifest.
1207 silly tarball no local data for @jridgewell/gen-mapping@https://registry.npmjs.org/@jridgewell/gen-mapping/-/gen-mapping-0.3.13.tgz. Extracting by manifest.
1208 silly tarball no local data for @inquirer/figures@https://registry.npmjs.org/@inquirer/figures/-/figures-2.0.5.tgz. Extracting by manifest.
1209 silly tarball no local data for @jridgewell/remapping@https://registry.npmjs.org/@jridgewell/remapping/-/remapping-2.3.5.tgz. Extracting by manifest.
1210 silly tarball no local data for @inquirer/ansi@https://registry.npmjs.org/@inquirer/ansi/-/ansi-2.0.5.tgz. Extracting by manifest.
1211 silly tarball no local data for @napi-rs/wasm-runtime@https://registry.npmjs.org/@napi-rs/wasm-runtime/-/wasm-runtime-0.2.12.tgz. Extracting by manifest.
1212 silly tarball no local data for @inquirer/confirm@https://registry.npmjs.org/@inquirer/confirm/-/confirm-6.0.12.tgz. Extracting by manifest.
1213 silly tarball no local data for @inquirer/core@https://registry.npmjs.org/@inquirer/core/-/core-11.1.9.tgz. Extracting by manifest.
1214 silly tarball no local data for @img/sharp-libvips-darwin-arm64@https://registry.npmjs.org/@img/sharp-libvips-darwin-arm64/-/sharp-libvips-darwin-arm64-1.2.4.tgz. Extracting by manifest.
1215 silly tarball no local data for @img/sharp-darwin-arm64@https://registry.npmjs.org/@img/sharp-darwin-arm64/-/sharp-darwin-arm64-0.34.5.tgz. Extracting by manifest.
1216 silly tarball no local data for @humanwhocodes/module-importer@https://registry.npmjs.org/@humanwhocodes/module-importer/-/module-importer-1.0.1.tgz. Extracting by manifest.
1217 silly tarball no local data for @humanwhocodes/retry@https://registry.npmjs.org/@humanwhocodes/retry/-/retry-0.4.3.tgz. Extracting by manifest.
1218 silly tarball no local data for @humanfs/node@https://registry.npmjs.org/@humanfs/node/-/node-0.16.8.tgz. Extracting by manifest.
1219 silly tarball no local data for @humanfs/types@https://registry.npmjs.org/@humanfs/types/-/types-0.15.0.tgz. Extracting by manifest.
1220 silly tarball no local data for @img/colour@https://registry.npmjs.org/@img/colour/-/colour-1.1.0.tgz. Extracting by manifest.
1221 silly tarball no local data for @floating-ui/utils@https://registry.npmjs.org/@floating-ui/utils/-/utils-0.2.11.tgz. Extracting by manifest.
1222 silly tarball no local data for @floating-ui/core@https://registry.npmjs.org/@floating-ui/core/-/core-1.7.5.tgz. Extracting by manifest.
1223 silly tarball no local data for @floating-ui/dom@https://registry.npmjs.org/@floating-ui/dom/-/dom-1.7.6.tgz. Extracting by manifest.
1224 silly tarball no local data for @eslint/plugin-kit@https://registry.npmjs.org/@eslint/plugin-kit/-/plugin-kit-0.4.1.tgz. Extracting by manifest.
1225 silly tarball no local data for @hono/node-server@https://registry.npmjs.org/@hono/node-server/-/node-server-1.19.14.tgz. Extracting by manifest.
1226 silly tarball no local data for @eslint/object-schema@https://registry.npmjs.org/@eslint/object-schema/-/object-schema-2.1.7.tgz. Extracting by manifest.
1227 silly tarball no local data for @eslint/js@https://registry.npmjs.org/@eslint/js/-/js-9.39.4.tgz. Extracting by manifest.
1228 silly tarball no local data for @floating-ui/react-dom@https://registry.npmjs.org/@floating-ui/react-dom/-/react-dom-2.1.8.tgz. Extracting by manifest.
1229 silly tarball no local data for @humanfs/core@https://registry.npmjs.org/@humanfs/core/-/core-0.19.2.tgz. Extracting by manifest.
1230 silly tarball no local data for @eslint/eslintrc@https://registry.npmjs.org/@eslint/eslintrc/-/eslintrc-3.3.5.tgz. Extracting by manifest.
1231 silly tarball no local data for @eslint/core@https://registry.npmjs.org/@eslint/core/-/core-0.17.0.tgz. Extracting by manifest.
1232 silly tarball no local data for @emnapi/runtime@https://registry.npmjs.org/@emnapi/runtime/-/runtime-1.10.0.tgz. Extracting by manifest.
1233 silly tarball no local data for @eslint-community/regexpp@https://registry.npmjs.org/@eslint-community/regexpp/-/regexpp-4.12.2.tgz. Extracting by manifest.
1234 silly tarball no local data for @emnapi/wasi-threads@https://registry.npmjs.org/@emnapi/wasi-threads/-/wasi-threads-1.2.1.tgz. Extracting by manifest.
1235 silly tarball no local data for @emnapi/core@https://registry.npmjs.org/@emnapi/core/-/core-1.10.0.tgz. Extracting by manifest.
1236 silly tarball no local data for @eslint-community/eslint-utils@https://registry.npmjs.org/@eslint-community/eslint-utils/-/eslint-utils-4.9.1.tgz. Extracting by manifest.
1237 silly tarball no local data for @eslint/config-helpers@https://registry.npmjs.org/@eslint/config-helpers/-/config-helpers-0.4.2.tgz. Extracting by manifest.
1238 silly tarball no local data for @ecies/ciphers@https://registry.npmjs.org/@ecies/ciphers/-/ciphers-0.2.6.tgz. Extracting by manifest.
1239 silly tarball no local data for @eslint/config-array@https://registry.npmjs.org/@eslint/config-array/-/config-array-0.21.2.tgz. Extracting by manifest.
1240 silly tarball no local data for @base-ui/utils@https://registry.npmjs.org/@base-ui/utils/-/utils-0.2.8.tgz. Extracting by manifest.
1241 silly tarball no local data for @dotenvx/dotenvx@https://registry.npmjs.org/@dotenvx/dotenvx/-/dotenvx-1.64.0.tgz. Extracting by manifest.
1242 silly tarball no local data for @babel/types@https://registry.npmjs.org/@babel/types/-/types-7.29.0.tgz. Extracting by manifest.
1243 silly tarball no local data for @babel/template@https://registry.npmjs.org/@babel/template/-/template-7.28.6.tgz. Extracting by manifest.
1244 silly tarball no local data for @babel/preset-typescript@https://registry.npmjs.org/@babel/preset-typescript/-/preset-typescript-7.28.5.tgz. Extracting by manifest.
1245 silly tarball no local data for @base-ui/react@https://registry.npmjs.org/@base-ui/react/-/react-1.4.1.tgz. Extracting by manifest.
1246 silly tarball no local data for @babel/plugin-transform-typescript@https://registry.npmjs.org/@babel/plugin-transform-typescript/-/plugin-transform-typescript-7.28.6.tgz. Extracting by manifest.
1247 silly tarball no local data for @babel/runtime@https://registry.npmjs.org/@babel/runtime/-/runtime-7.29.2.tgz. Extracting by manifest.
1248 silly tarball no local data for @babel/parser@https://registry.npmjs.org/@babel/parser/-/parser-7.29.3.tgz. Extracting by manifest.
1249 silly tarball no local data for @babel/helpers@https://registry.npmjs.org/@babel/helpers/-/helpers-7.29.2.tgz. Extracting by manifest.
1250 silly tarball no local data for @babel/plugin-syntax-jsx@https://registry.npmjs.org/@babel/plugin-syntax-jsx/-/plugin-syntax-jsx-7.28.6.tgz. Extracting by manifest.
1251 silly tarball no local data for @babel/plugin-syntax-typescript@https://registry.npmjs.org/@babel/plugin-syntax-typescript/-/plugin-syntax-typescript-7.28.6.tgz. Extracting by manifest.
1252 silly tarball no local data for @babel/helper-validator-identifier@https://registry.npmjs.org/@babel/helper-validator-identifier/-/helper-validator-identifier-7.28.5.tgz. Extracting by manifest.
1253 silly tarball no local data for @babel/traverse@https://registry.npmjs.org/@babel/traverse/-/traverse-7.29.0.tgz. Extracting by manifest.
1254 silly tarball no local data for @babel/helper-string-parser@https://registry.npmjs.org/@babel/helper-string-parser/-/helper-string-parser-7.27.1.tgz. Extracting by manifest.
1255 silly tarball no local data for @babel/plugin-transform-modules-commonjs@https://registry.npmjs.org/@babel/plugin-transform-modules-commonjs/-/plugin-transform-modules-commonjs-7.28.6.tgz. Extracting by manifest.
1256 silly tarball no local data for @babel/helper-replace-supers@https://registry.npmjs.org/@babel/helper-replace-supers/-/helper-replace-supers-7.28.6.tgz. Extracting by manifest.
1257 silly tarball no local data for @babel/helper-skip-transparent-expression-wrappers@https://registry.npmjs.org/@babel/helper-skip-transparent-expression-wrappers/-/helper-skip-transparent-expression-wrappers-7.27.1.tgz. Extracting by manifest.
1258 silly tarball no local data for @babel/helper-module-imports@https://registry.npmjs.org/@babel/helper-module-imports/-/helper-module-imports-7.28.6.tgz. Extracting by manifest.
1259 silly tarball no local data for @babel/helper-module-transforms@https://registry.npmjs.org/@babel/helper-module-transforms/-/helper-module-transforms-7.28.6.tgz. Extracting by manifest.
1260 silly tarball no local data for @babel/helper-optimise-call-expression@https://registry.npmjs.org/@babel/helper-optimise-call-expression/-/helper-optimise-call-expression-7.27.1.tgz. Extracting by manifest.
1261 silly tarball no local data for @babel/helper-member-expression-to-functions@https://registry.npmjs.org/@babel/helper-member-expression-to-functions/-/helper-member-expression-to-functions-7.28.5.tgz. Extracting by manifest.
1262 silly tarball no local data for @babel/helper-globals@https://registry.npmjs.org/@babel/helper-globals/-/helper-globals-7.28.0.tgz. Extracting by manifest.
1263 silly tarball no local data for @babel/helper-compilation-targets@https://registry.npmjs.org/@babel/helper-compilation-targets/-/helper-compilation-targets-7.28.6.tgz. Extracting by manifest.
1264 silly tarball no local data for @babel/helper-plugin-utils@https://registry.npmjs.org/@babel/helper-plugin-utils/-/helper-plugin-utils-7.28.6.tgz. Extracting by manifest.
1265 silly tarball no local data for @babel/generator@https://registry.npmjs.org/@babel/generator/-/generator-7.29.1.tgz. Extracting by manifest.
1266 silly tarball no local data for @babel/helper-validator-option@https://registry.npmjs.org/@babel/helper-validator-option/-/helper-validator-option-7.27.1.tgz. Extracting by manifest.
1267 silly tarball no local data for @babel/helper-annotate-as-pure@https://registry.npmjs.org/@babel/helper-annotate-as-pure/-/helper-annotate-as-pure-7.27.3.tgz. Extracting by manifest.
1268 silly tarball no local data for @babel/compat-data@https://registry.npmjs.org/@babel/compat-data/-/compat-data-7.29.3.tgz. Extracting by manifest.
1269 silly tarball no local data for @babel/code-frame@https://registry.npmjs.org/@babel/code-frame/-/code-frame-7.29.0.tgz. Extracting by manifest.
1270 silly tarball no local data for @babel/core@https://registry.npmjs.org/@babel/core/-/core-7.29.0.tgz. Extracting by manifest.
1271 silly tarball no local data for @alloc/quick-lru@https://registry.npmjs.org/@alloc/quick-lru/-/quick-lru-5.2.0.tgz. Extracting by manifest.
1272 silly tarball no local data for emoji-regex@https://registry.npmjs.org/emoji-regex/-/emoji-regex-8.0.0.tgz. Extracting by manifest.
1273 silly tarball no local data for strip-ansi@https://registry.npmjs.org/strip-ansi/-/strip-ansi-6.0.1.tgz. Extracting by manifest.
1274 silly tarball no local data for string-width@https://registry.npmjs.org/string-width/-/string-width-4.2.3.tgz. Extracting by manifest.
1275 silly tarball no local data for emoji-regex@https://registry.npmjs.org/emoji-regex/-/emoji-regex-8.0.0.tgz. Extracting by manifest.
1276 silly tarball no local data for ansi-regex@https://registry.npmjs.org/ansi-regex/-/ansi-regex-5.0.1.tgz. Extracting by manifest.
1277 silly tarball no local data for string-width@https://registry.npmjs.org/string-width/-/string-width-4.2.3.tgz. Extracting by manifest.
1278 silly tarball no local data for json5@https://registry.npmjs.org/json5/-/json5-1.0.2.tgz. Extracting by manifest.
1279 silly tarball no local data for fdir@https://registry.npmjs.org/fdir/-/fdir-6.5.0.tgz. Extracting by manifest.
1280 silly tarball no local data for picomatch@https://registry.npmjs.org/picomatch/-/picomatch-4.0.4.tgz. Extracting by manifest.
1281 silly tarball no local data for ansi-regex@https://registry.npmjs.org/ansi-regex/-/ansi-regex-5.0.1.tgz. Extracting by manifest.
1282 silly tarball no local data for strip-ansi@https://registry.npmjs.org/strip-ansi/-/strip-ansi-6.0.1.tgz. Extracting by manifest.
1283 silly tarball no local data for @babel/helper-create-class-features-plugin@https://registry.npmjs.org/@babel/helper-create-class-features-plugin/-/helper-create-class-features-plugin-7.29.3.tgz. Extracting by manifest.
1284 silly tarball no local data for glob-parent@https://registry.npmjs.org/glob-parent/-/glob-parent-5.1.2.tgz. Extracting by manifest.
1285 silly tarball no local data for zod@https://registry.npmjs.org/zod/-/zod-3.25.76.tgz. Extracting by manifest.
1286 silly tarball no local data for semver@https://registry.npmjs.org/semver/-/semver-7.7.4.tgz. Extracting by manifest.
1287 silly tarball no local data for tsconfig-paths@https://registry.npmjs.org/tsconfig-paths/-/tsconfig-paths-4.2.0.tgz. Extracting by manifest.
1288 silly tarball no local data for path-to-regexp@https://registry.npmjs.org/path-to-regexp/-/path-to-regexp-8.4.2.tgz. Extracting by manifest.
1289 silly tarball no local data for kleur@https://registry.npmjs.org/kleur/-/kleur-3.0.3.tgz. Extracting by manifest.
1290 silly tarball no local data for fast-glob@https://registry.npmjs.org/fast-glob/-/fast-glob-3.3.3.tgz. Extracting by manifest.
1291 silly tarball no local data for postcss@https://registry.npmjs.org/postcss/-/postcss-8.4.31.tgz. Extracting by manifest.
1292 silly tarball no local data for chalk@https://registry.npmjs.org/chalk/-/chalk-5.6.2.tgz. Extracting by manifest.
1293 silly tarball no local data for emoji-regex@https://registry.npmjs.org/emoji-regex/-/emoji-regex-10.6.0.tgz. Extracting by manifest.
1294 silly tarball no local data for cookie@https://registry.npmjs.org/cookie/-/cookie-1.1.1.tgz. Extracting by manifest.
1295 silly tarball no local data for debug@https://registry.npmjs.org/debug/-/debug-3.2.7.tgz. Extracting by manifest.
1296 silly tarball no local data for path-key@https://registry.npmjs.org/path-key/-/path-key-4.0.0.tgz. Extracting by manifest.
1297 silly tarball no local data for semver@https://registry.npmjs.org/semver/-/semver-7.7.4.tgz. Extracting by manifest.
1298 silly tarball no local data for debug@https://registry.npmjs.org/debug/-/debug-3.2.7.tgz. Extracting by manifest.
1299 silly tarball no local data for glob-parent@https://registry.npmjs.org/glob-parent/-/glob-parent-5.1.2.tgz. Extracting by manifest.
1300 silly tarball no local data for globals@https://registry.npmjs.org/globals/-/globals-16.4.0.tgz. Extracting by manifest.
1301 silly tarball no local data for debug@https://registry.npmjs.org/debug/-/debug-3.2.7.tgz. Extracting by manifest.
1302 silly tarball no local data for string-width@https://registry.npmjs.org/string-width/-/string-width-4.2.3.tgz. Extracting by manifest.
1303 silly tarball no local data for emoji-regex@https://registry.npmjs.org/emoji-regex/-/emoji-regex-8.0.0.tgz. Extracting by manifest.
1304 silly tarball no local data for json-schema-traverse@https://registry.npmjs.org/json-schema-traverse/-/json-schema-traverse-1.0.0.tgz. Extracting by manifest.
1305 silly tarball no local data for is-unicode-supported@https://registry.npmjs.org/is-unicode-supported/-/is-unicode-supported-1.3.0.tgz. Extracting by manifest.
1306 silly tarball no local data for eslint-visitor-keys@https://registry.npmjs.org/eslint-visitor-keys/-/eslint-visitor-keys-5.0.1.tgz. Extracting by manifest.
1307 silly tarball no local data for ajv@https://registry.npmjs.org/ajv/-/ajv-8.20.0.tgz. Extracting by manifest.
1308 silly tarball no local data for strip-ansi@https://registry.npmjs.org/strip-ansi/-/strip-ansi-6.0.1.tgz. Extracting by manifest.
1309 silly tarball no local data for chalk@https://registry.npmjs.org/chalk/-/chalk-5.6.2.tgz. Extracting by manifest.
1310 silly tarball no local data for semver@https://registry.npmjs.org/semver/-/semver-7.7.4.tgz. Extracting by manifest.
1311 silly tarball no local data for brace-expansion@https://registry.npmjs.org/brace-expansion/-/brace-expansion-5.0.5.tgz. Extracting by manifest.
1312 silly tarball no local data for minimatch@https://registry.npmjs.org/minimatch/-/minimatch-10.2.5.tgz. Extracting by manifest.
1313 silly tarball no local data for balanced-match@https://registry.npmjs.org/balanced-match/-/balanced-match-4.0.4.tgz. Extracting by manifest.
1314 silly tarball no local data for minimatch@https://registry.npmjs.org/minimatch/-/minimatch-10.2.5.tgz. Extracting by manifest.
1315 silly tarball no local data for glob-parent@https://registry.npmjs.org/glob-parent/-/glob-parent-5.1.2.tgz. Extracting by manifest.
1316 silly tarball no local data for ansi-regex@https://registry.npmjs.org/ansi-regex/-/ansi-regex-5.0.1.tgz. Extracting by manifest.
1317 silly tarball no local data for ignore@https://registry.npmjs.org/ignore/-/ignore-7.0.5.tgz. Extracting by manifest.
1318 silly tarball no local data for balanced-match@https://registry.npmjs.org/balanced-match/-/balanced-match-4.0.4.tgz. Extracting by manifest.
1319 silly tarball no local data for fast-glob@https://registry.npmjs.org/fast-glob/-/fast-glob-3.3.3.tgz. Extracting by manifest.
1320 silly tarball no local data for which@https://registry.npmjs.org/which/-/which-4.0.0.tgz. Extracting by manifest.
1321 silly tarball no local data for @open-draft/deferred-promise@https://registry.npmjs.org/@open-draft/deferred-promise/-/deferred-promise-2.2.0.tgz. Extracting by manifest.
1322 silly tarball no local data for ajv@https://registry.npmjs.org/ajv/-/ajv-8.20.0.tgz. Extracting by manifest.
1323 silly tarball no local data for json-schema-traverse@https://registry.npmjs.org/json-schema-traverse/-/json-schema-traverse-1.0.0.tgz. Extracting by manifest.
1324 silly tarball no local data for signal-exit@https://registry.npmjs.org/signal-exit/-/signal-exit-3.0.7.tgz. Extracting by manifest.
1325 silly tarball no local data for strip-final-newline@https://registry.npmjs.org/strip-final-newline/-/strip-final-newline-2.0.0.tgz. Extracting by manifest.
1326 silly tarball no local data for brace-expansion@https://registry.npmjs.org/brace-expansion/-/brace-expansion-5.0.5.tgz. Extracting by manifest.
1327 silly tarball no local data for onetime@https://registry.npmjs.org/onetime/-/onetime-5.1.2.tgz. Extracting by manifest.
1328 silly tarball no local data for is-stream@https://registry.npmjs.org/is-stream/-/is-stream-2.0.1.tgz. Extracting by manifest.
1329 silly tarball no local data for picomatch@https://registry.npmjs.org/picomatch/-/picomatch-4.0.4.tgz. Extracting by manifest.
1330 silly tarball no local data for npm-run-path@https://registry.npmjs.org/npm-run-path/-/npm-run-path-4.0.1.tgz. Extracting by manifest.
1331 silly tarball no local data for eslint-visitor-keys@https://registry.npmjs.org/eslint-visitor-keys/-/eslint-visitor-keys-3.4.3.tgz. Extracting by manifest.
1332 silly tarball no local data for human-signals@https://registry.npmjs.org/human-signals/-/human-signals-2.1.0.tgz. Extracting by manifest.
1333 silly tarball no local data for fdir@https://registry.npmjs.org/fdir/-/fdir-6.5.0.tgz. Extracting by manifest.
1334 silly tarball no local data for get-stream@https://registry.npmjs.org/get-stream/-/get-stream-6.0.1.tgz. Extracting by manifest.
1335 silly tarball no local data for isexe@https://registry.npmjs.org/isexe/-/isexe-3.1.5.tgz. Extracting by manifest.
1336 silly tarball no local data for commander@https://registry.npmjs.org/commander/-/commander-11.1.0.tgz. Extracting by manifest.
1337 silly tarball no local data for execa@https://registry.npmjs.org/execa/-/execa-5.1.1.tgz. Extracting by manifest.
1338 http fetch GET 200 https://registry.npmjs.org/yocto-spinner/-/yocto-spinner-1.1.0.tgz 484ms (cache miss)
1339 http fetch GET 200 https://registry.npmjs.org/yocto-queue/-/yocto-queue-0.1.0.tgz 485ms (cache miss)
1340 http fetch GET 200 https://registry.npmjs.org/yoctocolors/-/yoctocolors-2.1.2.tgz 485ms (cache miss)
1341 http fetch GET 200 https://registry.npmjs.org/wsl-utils/-/wsl-utils-0.3.1.tgz 484ms (cache miss)
1342 http fetch GET 200 https://registry.npmjs.org/yargs-parser/-/yargs-parser-21.1.1.tgz 494ms (cache miss)
1343 http fetch GET 200 https://registry.npmjs.org/zod-validation-error/-/zod-validation-error-4.0.2.tgz 499ms (cache miss)
1344 http fetch GET 200 https://registry.npmjs.org/wrappy/-/wrappy-1.0.2.tgz 497ms (cache miss)
1345 http fetch GET 200 https://registry.npmjs.org/y18n/-/y18n-5.0.8.tgz 497ms (cache miss)
1346 http fetch GET 200 https://registry.npmjs.org/yallist/-/yallist-3.1.1.tgz 497ms (cache miss)
1347 http fetch GET 200 https://registry.npmjs.org/wrap-ansi/-/wrap-ansi-7.0.0.tgz 497ms (cache miss)
1348 http fetch GET 200 https://registry.npmjs.org/npm 763ms
1349 http fetch GET 200 https://registry.npmjs.org/word-wrap/-/word-wrap-1.2.5.tgz 516ms (cache miss)
1350 http fetch GET 200 https://registry.npmjs.org/zod-to-json-schema/-/zod-to-json-schema-3.25.2.tgz 538ms (cache miss)
1351 http fetch GET 200 https://registry.npmjs.org/which-typed-array/-/which-typed-array-1.1.20.tgz 564ms (cache miss)
1352 http fetch GET 200 https://registry.npmjs.org/which-collection/-/which-collection-1.0.2.tgz 564ms (cache miss)
1353 http fetch GET 200 https://registry.npmjs.org/which-boxed-primitive/-/which-boxed-primitive-1.1.1.tgz 567ms (cache miss)
1354 http fetch GET 200 https://registry.npmjs.org/ws/-/ws-8.20.0.tgz 570ms (cache miss)
1355 http fetch GET 200 https://registry.npmjs.org/validate-npm-package-name/-/validate-npm-package-name-7.0.2.tgz 580ms (cache miss)
1356 http fetch GET 200 https://registry.npmjs.org/which-builtin-type/-/which-builtin-type-1.2.1.tgz 580ms (cache miss)
1357 http fetch GET 200 https://registry.npmjs.org/vary/-/vary-1.1.2.tgz 580ms (cache miss)
1358 http fetch GET 200 https://registry.npmjs.org/util-deprecate/-/util-deprecate-1.0.2.tgz 581ms (cache miss)
1359 http fetch GET 200 https://registry.npmjs.org/yargs/-/yargs-17.7.2.tgz 596ms (cache miss)
1360 http fetch GET 200 https://registry.npmjs.org/uuid/-/uuid-14.0.0.tgz 601ms (cache miss)
1361 http fetch POST 200 https://registry.npmjs.org/-/npm/v1/security/advisories/bulk 686ms
1362 silly audit report {
1362 silly audit report   'fast-uri': [
1362 silly audit report     {
1362 silly audit report       id: 1117884,
1362 silly audit report       url: 'https://github.com/advisories/GHSA-v39h-62p7-jpjc',
1362 silly audit report       title: 'fast-uri vulnerable to host confusion via percent-encoded authority delimiters',
1362 silly audit report       severity: 'high',
1362 silly audit report       vulnerable_versions: '<=3.1.1',
1362 silly audit report       cwe: [Array],
1362 silly audit report       cvss: [Object]
1362 silly audit report     },
1362 silly audit report     {
1362 silly audit report       id: 1117870,
1362 silly audit report       url: 'https://github.com/advisories/GHSA-q3j6-qgpj-74h6',
1362 silly audit report       title: 'fast-uri vulnerable to path traversal via percent-encoded dot segments',
1362 silly audit report       severity: 'high',
1362 silly audit report       vulnerable_versions: '<=3.1.0',
1362 silly audit report       cwe: [Array],
1362 silly audit report       cvss: [Object]
1362 silly audit report     }
1362 silly audit report   ],
1362 silly audit report   hono: [
1362 silly audit report     {
1362 silly audit report       id: 1117915,
1362 silly audit report       url: 'https://github.com/advisories/GHSA-qp7p-654g-cw7p',
1362 silly audit report       title: 'Hono has CSS Declaration Injection via Style Object Values in JSX SSR',
1362 silly audit report       severity: 'moderate',
1362 silly audit report       vulnerable_versions: '<4.12.18',
1362 silly audit report       cwe: [Array],
1362 silly audit report       cvss: [Object]
1362 silly audit report     },
1362 silly audit report     {
1362 silly audit report       id: 1117916,
1362 silly audit report       url: 'https://github.com/advisories/GHSA-hm8q-7f3q-5f36',
1362 silly audit report       title: 'Hono has improper validation of NumericDate claims (exp, nbf, iat) in JWT verify()',
1362 silly audit report       severity: 'low',
1362 silly audit report       vulnerable_versions: '<4.12.18',
1362 silly audit report       cwe: [Array],
1362 silly audit report       cvss: [Object]
1362 silly audit report     },
1362 silly audit report     {
1362 silly audit report       id: 1117919,
1362 silly audit report       url: 'https://github.com/advisories/GHSA-p77w-8qqv-26rm',
1362 silly audit report       title: "Hono's Cache Middleware ignores Vary: Authorization / Vary: Cookie leading to cross-user cache leakage",
1362 silly audit report       severity: 'moderate',
1362 silly audit report       vulnerable_versions: '<4.12.18',
1362 silly audit report       cwe: [Array],
1362 silly audit report       cvss: [Object]
1362 silly audit report     }
1362 silly audit report   ],
1362 silly audit report   'ip-address': [
1362 silly audit report     {
1362 silly audit report       id: 1117683,
1362 silly audit report       url: 'https://github.com/advisories/GHSA-v2v4-37r5-5v8g',
1362 silly audit report       title: 'ip-address has XSS in Address6 HTML-emitting methods',
1362 silly audit report       severity: 'moderate',
1362 silly audit report       vulnerable_versions: '<=10.1.0',
1362 silly audit report       cwe: [Array],
1362 silly audit report       cvss: [Object]
1362 silly audit report     }
1362 silly audit report   ],
1362 silly audit report   postcss: [
1362 silly audit report     {
1362 silly audit report       id: 1117015,
1362 silly audit report       url: 'https://github.com/advisories/GHSA-qx2v-qp2m-jg93',
1362 silly audit report       title: 'PostCSS has XSS via Unescaped </style> in its CSS Stringify Output',
1362 silly audit report       severity: 'moderate',
1362 silly audit report       vulnerable_versions: '<8.5.10',
1362 silly audit report       cwe: [Array],
1362 silly audit report       cvss: [Object]
1362 silly audit report     }
1362 silly audit report   ]
1362 silly audit report }
1363 silly packumentCache corgi:https://registry.npmjs.org/fast-uri cache-miss
1364 silly packumentCache corgi:https://registry.npmjs.org/hono cache-miss
1365 silly packumentCache corgi:https://registry.npmjs.org/ip-address cache-miss
1366 silly packumentCache corgi:https://registry.npmjs.org/postcss cache-miss
1367 http fetch GET 200 https://registry.npmjs.org/update-browserslist-db/-/update-browserslist-db-1.2.3.tgz 646ms (cache miss)
1368 http fetch GET 200 https://registry.npmjs.org/use-sync-external-store/-/use-sync-external-store-1.6.0.tgz 649ms (cache miss)
1369 http fetch GET 200 https://registry.npmjs.org/unpipe/-/unpipe-1.0.0.tgz 654ms (cache miss)
1370 http fetch GET 200 https://registry.npmjs.org/unrs-resolver/-/unrs-resolver-1.11.1.tgz 658ms (cache miss)
1371 http fetch GET 200 https://registry.npmjs.org/unicorn-magic/-/unicorn-magic-0.3.0.tgz 667ms (cache miss)
1372 http fetch GET 200 https://registry.npmjs.org/until-async/-/until-async-3.0.2.tgz 668ms (cache miss)
1373 http fetch GET 200 https://registry.npmjs.org/universalify/-/universalify-2.0.1.tgz 673ms (cache miss)
1374 http fetch GET 200 https://registry.npmjs.org/utrie/-/utrie-1.0.2.tgz 676ms (cache miss)
1375 http fetch GET 200 https://registry.npmjs.org/typescript-eslint/-/typescript-eslint-8.59.1.tgz 675ms (cache miss)
1376 http fetch GET 200 https://registry.npmjs.org/which/-/which-2.0.2.tgz 687ms (cache miss)
1377 http fetch GET 200 https://registry.npmjs.org/undici-types/-/undici-types-7.19.2.tgz 689ms (cache miss)
1378 http fetch GET 200 https://registry.npmjs.org/unbox-primitive/-/unbox-primitive-1.1.0.tgz 692ms (cache miss)
1379 http fetch GET 200 https://registry.npmjs.org/uri-js/-/uri-js-4.4.1.tgz 698ms (cache miss)
1380 http fetch GET 200 https://registry.npmjs.org/type-is/-/type-is-2.0.1.tgz 728ms (cache miss)
1381 http fetch GET 200 https://registry.npmjs.org/typed-array-byte-length/-/typed-array-byte-length-1.0.3.tgz 733ms (cache miss)
1382 http fetch GET 200 https://registry.npmjs.org/typed-array-buffer/-/typed-array-buffer-1.0.3.tgz 754ms (cache miss)
1383 http fetch GET 200 https://registry.npmjs.org/typed-array-length/-/typed-array-length-1.0.7.tgz 754ms (cache miss)
1384 http fetch GET 200 https://registry.npmjs.org/type-check/-/type-check-0.4.0.tgz 755ms (cache miss)
1385 http fetch GET 200 https://registry.npmjs.org/tslib/-/tslib-2.8.1.tgz 764ms (cache miss)
1386 http fetch GET 200 https://registry.npmjs.org/zod/-/zod-4.4.2.tgz 780ms (cache miss)
1387 http fetch GET 200 https://registry.npmjs.org/tw-animate-css/-/tw-animate-css-1.4.0.tgz 777ms (cache miss)
1388 http fetch GET 200 https://registry.npmjs.org/ts-api-utils/-/ts-api-utils-2.5.0.tgz 788ms (cache miss)
1389 http fetch GET 200 https://registry.npmjs.org/ts-morph/-/ts-morph-26.0.0.tgz 798ms (cache miss)
1390 http fetch GET 200 https://registry.npmjs.org/tsconfig-paths/-/tsconfig-paths-3.15.0.tgz 803ms (cache miss)
1391 http fetch GET 200 https://registry.npmjs.org/toidentifier/-/toidentifier-1.0.1.tgz 821ms (cache miss)
1392 http fetch GET 200 https://registry.npmjs.org/type-fest/-/type-fest-5.6.0.tgz 837ms (cache miss)
1393 http fetch GET 200 https://registry.npmjs.org/tinyglobby/-/tinyglobby-0.2.16.tgz 846ms (cache miss)
1394 http fetch GET 200 https://registry.npmjs.org/tough-cookie/-/tough-cookie-6.0.1.tgz 848ms (cache miss)
1395 http fetch GET 200 https://registry.npmjs.org/tiny-invariant/-/tiny-invariant-1.3.3.tgz 849ms (cache miss)
1396 http fetch GET 200 https://registry.npmjs.org/tldts-core/-/tldts-core-7.0.30.tgz 862ms (cache miss)
1397 http fetch GET 200 https://registry.npmjs.org/text-segmentation/-/text-segmentation-1.0.3.tgz 865ms (cache miss)
1398 http fetch GET 200 https://registry.npmjs.org/to-regex-range/-/to-regex-range-5.0.1.tgz 875ms (cache miss)
1399 http fetch GET 200 https://registry.npmjs.org/typed-array-byte-offset/-/typed-array-byte-offset-1.0.4.tgz 884ms (cache miss)
1400 http fetch GET 200 https://registry.npmjs.org/tapable/-/tapable-2.3.3.tgz 886ms (cache miss)
1401 http fetch GET 200 https://registry.npmjs.org/web-streams-polyfill/-/web-streams-polyfill-3.3.3.tgz 893ms (cache miss)
1402 http fetch GET 200 https://registry.npmjs.org/supports-preserve-symlinks-flag/-/supports-preserve-symlinks-flag-1.0.0.tgz 904ms (cache miss)
1403 http fetch GET 200 https://registry.npmjs.org/tailwindcss/-/tailwindcss-4.2.4.tgz 912ms (cache miss)
1404 http fetch GET 200 https://registry.npmjs.org/strip-bom/-/strip-bom-3.0.0.tgz 926ms (cache miss)
1405 http fetch GET 200 https://registry.npmjs.org/strip-final-newline/-/strip-final-newline-4.0.0.tgz 928ms (cache miss)
1406 http fetch GET 200 https://registry.npmjs.org/strip-ansi/-/strip-ansi-7.2.0.tgz 954ms (cache miss)
1407 http fetch GET 200 https://registry.npmjs.org/supports-color/-/supports-color-7.2.0.tgz 954ms (cache miss)
1408 http fetch GET 200 https://registry.npmjs.org/styled-jsx/-/styled-jsx-5.1.6.tgz 956ms (cache miss)
1409 http fetch GET 200 https://registry.npmjs.org/svg-pathdata/-/svg-pathdata-6.0.3.tgz 957ms (cache miss)
1410 http fetch GET 200 https://registry.npmjs.org/strip-json-comments/-/strip-json-comments-3.1.1.tgz 964ms (cache miss)
1411 http fetch GET 200 https://registry.npmjs.org/string.prototype.trim/-/string.prototype.trim-1.2.10.tgz 974ms (cache miss)
1412 http fetch GET 200 https://registry.npmjs.org/string.prototype.trimstart/-/string.prototype.trimstart-1.0.8.tgz 974ms (cache miss)
1413 http fetch GET 200 https://registry.npmjs.org/stringify-object/-/stringify-object-5.0.0.tgz 974ms (cache miss)
1414 http fetch GET 200 https://registry.npmjs.org/tailwind-merge/-/tailwind-merge-3.5.0.tgz 976ms (cache miss)
1415 http fetch GET 200 https://registry.npmjs.org/string.prototype.repeat/-/string.prototype.repeat-1.0.0.tgz 989ms (cache miss)
1416 http fetch GET 200 https://registry.npmjs.org/string.prototype.matchall/-/string.prototype.matchall-4.0.12.tgz 999ms (cache miss)
1417 http fetch GET 200 https://registry.npmjs.org/string-width/-/string-width-7.2.0.tgz 1021ms (cache miss)
1418 http fetch GET 200 https://registry.npmjs.org/string.prototype.includes/-/string.prototype.includes-2.0.1.tgz 1024ms (cache miss)
1419 http fetch GET 200 https://registry.npmjs.org/string.prototype.trimend/-/string.prototype.trimend-1.0.9.tgz 1042ms (cache miss)
1420 http fetch GET 200 https://registry.npmjs.org/statuses/-/statuses-2.0.2.tgz 1045ms (cache miss)
1421 http fetch GET 200 https://registry.npmjs.org/stdin-discarder/-/stdin-discarder-0.2.2.tgz 1046ms (cache miss)
1422 http fetch GET 200 https://registry.npmjs.org/strict-event-emitter/-/strict-event-emitter-0.5.1.tgz 1048ms (cache miss)
1423 http fetch GET 200 https://registry.npmjs.org/tagged-tag/-/tagged-tag-1.0.0.tgz 1050ms (cache miss)
1424 http fetch GET 200 https://registry.npmjs.org/stable-hash/-/stable-hash-0.0.5.tgz 1058ms (cache miss)
1425 http fetch GET 200 https://registry.npmjs.org/stop-iteration-iterator/-/stop-iteration-iterator-1.1.0.tgz 1064ms (cache miss)
1426 http fetch GET 200 https://registry.npmjs.org/signal-exit/-/signal-exit-4.1.0.tgz 1073ms (cache miss)
1427 http fetch GET 200 https://registry.npmjs.org/sisteransi/-/sisteransi-1.0.5.tgz 1076ms (cache miss)
1428 http fetch GET 200 https://registry.npmjs.org/tldts/-/tldts-7.0.30.tgz 1093ms (cache miss)
1429 http fetch GET 200 https://registry.npmjs.org/side-channel-weakmap/-/side-channel-weakmap-1.0.2.tgz 1088ms (cache miss)
1430 http fetch GET 200 https://registry.npmjs.org/source-map/-/source-map-0.6.1.tgz 1093ms (cache miss)
1431 http fetch GET 200 https://registry.npmjs.org/side-channel-map/-/side-channel-map-1.0.1.tgz 1114ms (cache miss)
1432 http fetch GET 200 https://registry.npmjs.org/stackblur-canvas/-/stackblur-canvas-2.7.0.tgz 1115ms (cache miss)
1433 http fetch GET 200 https://registry.npmjs.org/side-channel-list/-/side-channel-list-1.0.1.tgz 1132ms (cache miss)
1434 http fetch GET 200 https://registry.npmjs.org/side-channel/-/side-channel-1.1.0.tgz 1137ms (cache miss)
1435 http fetch GET 200 https://registry.npmjs.org/shebang-command/-/shebang-command-2.0.0.tgz 1138ms (cache miss)
1436 http fetch GET 200 https://registry.npmjs.org/source-map-js/-/source-map-js-1.2.1.tgz 1152ms (cache miss)
1437 http fetch GET 200 https://registry.npmjs.org/setprototypeof/-/setprototypeof-1.2.0.tgz 1152ms (cache miss)
1438 http fetch GET 200 https://registry.npmjs.org/set-proto/-/set-proto-1.0.0.tgz 1152ms (cache miss)
1439 http fetch GET 200 https://registry.npmjs.org/shadcn/-/shadcn-4.6.0.tgz 1160ms (cache miss)
1440 http fetch GET 200 https://registry.npmjs.org/set-function-name/-/set-function-name-2.0.2.tgz 1167ms (cache miss)
1441 http fetch GET 200 https://registry.npmjs.org/set-cookie-parser/-/set-cookie-parser-3.1.0.tgz 1187ms (cache miss)
1442 http fetch GET 200 https://registry.npmjs.org/send/-/send-1.2.1.tgz 1186ms (cache miss)
1443 http fetch GET 200 https://registry.npmjs.org/serve-static/-/serve-static-2.2.1.tgz 1187ms (cache miss)
1444 http fetch GET 200 https://registry.npmjs.org/semver/-/semver-6.3.1.tgz 1204ms (cache miss)
1445 http fetch GET 200 https://registry.npmjs.org/scheduler/-/scheduler-0.27.0.tgz 1204ms (cache miss)
1446 http fetch GET 200 https://registry.npmjs.org/typescript/-/typescript-6.0.3.tgz 1219ms (cache miss)
1447 http fetch GET 200 https://registry.npmjs.org/sharp/-/sharp-0.34.5.tgz 1215ms (cache miss)
1448 http fetch GET 200 https://registry.npmjs.org/safer-buffer/-/safer-buffer-2.1.2.tgz 1221ms (cache miss)
1449 http fetch GET 200 https://registry.npmjs.org/safe-regex-test/-/safe-regex-test-1.1.0.tgz 1233ms (cache miss)
1450 http fetch GET 200 https://registry.npmjs.org/safe-push-apply/-/safe-push-apply-1.0.0.tgz 1234ms (cache miss)
1451 http fetch GET 200 https://registry.npmjs.org/safe-array-concat/-/safe-array-concat-1.1.4.tgz 1235ms (cache miss)
1452 http fetch GET 200 https://registry.npmjs.org/run-parallel/-/run-parallel-1.2.0.tgz 1236ms (cache miss)
1453 http fetch GET 200 https://registry.npmjs.org/rgbcolor/-/rgbcolor-1.0.1.tgz 1237ms (cache miss)
1454 http fetch GET 200 https://registry.npmjs.org/router/-/router-2.2.0.tgz 1239ms (cache miss)
1455 http fetch GET 200 https://registry.npmjs.org/reusify/-/reusify-1.1.0.tgz 1255ms (cache miss)
1456 http fetch GET 200 https://registry.npmjs.org/restore-cursor/-/restore-cursor-5.1.0.tgz 1282ms (cache miss)
1457 http fetch GET 200 https://registry.npmjs.org/run-applescript/-/run-applescript-7.1.0.tgz 1282ms (cache miss)
1458 http fetch GET 200 https://registry.npmjs.org/rettime/-/rettime-0.11.8.tgz 1283ms (cache miss)
1459 http fetch GET 200 https://registry.npmjs.org/resolve-from/-/resolve-from-4.0.0.tgz 1290ms (cache miss)
1460 http fetch GET 200 https://registry.npmjs.org/shebang-regex/-/shebang-regex-3.0.0.tgz 1296ms (cache miss)
1461 http fetch GET 200 https://registry.npmjs.org/resolve-pkg-maps/-/resolve-pkg-maps-1.0.0.tgz 1305ms (cache miss)
1462 http fetch GET 200 https://registry.npmjs.org/resolve/-/resolve-2.0.0-next.6.tgz 1310ms (cache miss)
1463 http fetch GET 200 https://registry.npmjs.org/require-directory/-/require-directory-2.1.1.tgz 1319ms (cache miss)
1464 http fetch GET 200 https://registry.npmjs.org/reflect.getprototypeof/-/reflect.getprototypeof-1.0.10.tgz 1322ms (cache miss)
1465 http fetch GET 200 https://registry.npmjs.org/set-function-length/-/set-function-length-1.2.2.tgz 1330ms (cache miss)
1466 http fetch GET 200 https://registry.npmjs.org/regenerator-runtime/-/regenerator-runtime-0.13.11.tgz 1331ms (cache miss)
1467 http fetch GET 200 https://registry.npmjs.org/regexp.prototype.flags/-/regexp.prototype.flags-1.5.4.tgz 1333ms (cache miss)
1468 http fetch GET 200 https://registry.npmjs.org/reselect/-/reselect-5.1.1.tgz 1334ms (cache miss)
1469 http fetch GET 200 https://registry.npmjs.org/react-is/-/react-is-16.13.1.tgz 1346ms (cache miss)
1470 http fetch GET 200 https://registry.npmjs.org/recast/-/recast-0.23.11.tgz 1349ms (cache miss)
1471 http fetch GET 200 https://registry.npmjs.org/react/-/react-19.2.4.tgz 1373ms (cache miss)
1472 http fetch GET 200 https://registry.npmjs.org/raw-body/-/raw-body-3.0.2.tgz 1374ms (cache miss)
1473 http fetch GET 200 https://registry.npmjs.org/range-parser/-/range-parser-1.2.1.tgz 1377ms (cache miss)
1474 http fetch GET 200 https://registry.npmjs.org/raf/-/raf-3.4.1.tgz 1383ms (cache miss)
1475 http fetch GET 200 https://registry.npmjs.org/queue-microtask/-/queue-microtask-1.2.3.tgz 1383ms (cache miss)
1476 http fetch GET 200 https://registry.npmjs.org/proxy-addr/-/proxy-addr-2.0.7.tgz 1403ms (cache miss)
1477 http fetch GET 200 https://registry.npmjs.org/punycode/-/punycode-2.3.1.tgz 1412ms (cache miss)
1478 http fetch GET 200 https://registry.npmjs.org/prelude-ls/-/prelude-ls-1.2.1.tgz 1412ms (cache miss)
1479 http fetch GET 200 https://registry.npmjs.org/powershell-utils/-/powershell-utils-0.1.0.tgz 1423ms (cache miss)
1480 http fetch GET 200 https://registry.npmjs.org/qs/-/qs-6.15.1.tgz 1424ms (cache miss)
1481 http fetch GET 200 https://registry.npmjs.org/prop-types/-/prop-types-15.8.1.tgz 1427ms (cache miss)
1482 http fetch GET 200 https://registry.npmjs.org/prompts/-/prompts-2.4.2.tgz 1429ms (cache miss)
1483 http fetch GET 200 https://registry.npmjs.org/postcss-selector-parser/-/postcss-selector-parser-7.1.1.tgz 1438ms (cache miss)
1484 http fetch GET 200 https://registry.npmjs.org/postcss/-/postcss-8.5.13.tgz 1440ms (cache miss)
1485 http fetch GET 200 https://registry.npmjs.org/possible-typed-array-names/-/possible-typed-array-names-1.1.0.tgz 1461ms (cache miss)
1486 http fetch GET 200 https://registry.npmjs.org/pkce-challenge/-/pkce-challenge-5.0.1.tgz 1461ms (cache miss)
1487 http fetch GET 200 https://registry.npmjs.org/pretty-ms/-/pretty-ms-9.3.0.tgz 1465ms (cache miss)
1488 http fetch GET 200 https://registry.npmjs.org/picocolors/-/picocolors-1.1.1.tgz 1472ms (cache miss)
1489 http fetch GET 200 https://registry.npmjs.org/react-dom/-/react-dom-19.2.4.tgz 1475ms (cache miss)
1490 http fetch GET 200 https://registry.npmjs.org/picomatch/-/picomatch-2.3.2.tgz 1472ms (cache miss)
1491 http fetch GET 200 https://registry.npmjs.org/performance-now/-/performance-now-2.1.0.tgz 1486ms (cache miss)
1492 http fetch GET 200 https://registry.npmjs.org/path-key/-/path-key-3.1.1.tgz 1499ms (cache miss)
1493 http fetch GET 200 https://registry.npmjs.org/require-from-string/-/require-from-string-2.0.2.tgz 1499ms (cache miss)
1494 http fetch GET 200 https://registry.npmjs.org/parseurl/-/parseurl-1.3.3.tgz 1514ms (cache miss)
1495 http fetch GET 200 https://registry.npmjs.org/path-browserify/-/path-browserify-1.0.1.tgz 1514ms (cache miss)
1496 http fetch GET 200 https://registry.npmjs.org/path-exists/-/path-exists-4.0.0.tgz 1514ms (cache miss)
1497 http fetch GET 200 https://registry.npmjs.org/parse-ms/-/parse-ms-4.0.0.tgz 1519ms (cache miss)
1498 http fetch GET 200 https://registry.npmjs.org/parse-json/-/parse-json-5.2.0.tgz 1519ms (cache miss)
1499 http fetch GET 200 https://registry.npmjs.org/parent-module/-/parent-module-1.0.1.tgz 1525ms (cache miss)
1500 http fetch GET 200 https://registry.npmjs.org/path-parse/-/path-parse-1.0.7.tgz 1543ms (cache miss)
1501 http fetch GET 200 https://registry.npmjs.org/p-limit/-/p-limit-3.1.0.tgz 1554ms (cache miss)
1502 http fetch GET 200 https://registry.npmjs.org/own-keys/-/own-keys-1.0.1.tgz 1555ms (cache miss)
1503 http fetch GET 200 https://registry.npmjs.org/p-locate/-/p-locate-5.0.0.tgz 1555ms (cache miss)
1504 http fetch GET 200 https://registry.npmjs.org/outvariant/-/outvariant-1.4.3.tgz 1558ms (cache miss)
1505 http fetch GET 200 https://registry.npmjs.org/ora/-/ora-8.2.0.tgz 1575ms (cache miss)
1506 http fetch GET 200 https://registry.npmjs.org/optionator/-/optionator-0.9.4.tgz 1586ms (cache miss)
1507 http fetch GET 200 https://registry.npmjs.org/open/-/open-11.0.0.tgz 1591ms (cache miss)
1508 http fetch GET 200 https://registry.npmjs.org/once/-/once-1.4.0.tgz 1602ms (cache miss)
1509 http fetch GET 200 https://registry.npmjs.org/onetime/-/onetime-7.0.0.tgz 1607ms (cache miss)
1510 http fetch GET 200 https://registry.npmjs.org/object.values/-/object.values-1.2.1.tgz 1607ms (cache miss)
1511 http fetch GET 200 https://registry.npmjs.org/on-finished/-/on-finished-2.4.1.tgz 1611ms (cache miss)
1512 http fetch GET 200 https://registry.npmjs.org/object.assign/-/object.assign-4.1.7.tgz 1612ms (cache miss)
1513 http fetch GET 200 https://registry.npmjs.org/path-to-regexp/-/path-to-regexp-6.3.0.tgz 1613ms (cache miss)
1514 http fetch GET 200 https://registry.npmjs.org/pako/-/pako-2.1.0.tgz 1629ms (cache miss)
1515 http fetch GET 200 https://registry.npmjs.org/object-keys/-/object-keys-1.1.1.tgz 1651ms (cache miss)
1516 http fetch GET 200 https://registry.npmjs.org/object-assign/-/object-assign-4.1.1.tgz 1651ms (cache miss)
1517 http fetch GET 200 https://registry.npmjs.org/npm-run-path/-/npm-run-path-6.0.0.tgz 1653ms (cache miss)
1518 http fetch GET 200 https://registry.npmjs.org/object-treeify/-/object-treeify-1.1.33.tgz 1653ms (cache miss)
1519 http fetch GET 200 https://registry.npmjs.org/object-inspect/-/object-inspect-1.13.4.tgz 1655ms (cache miss)
1520 http fetch GET 200 https://registry.npmjs.org/node-releases/-/node-releases-2.0.38.tgz 1663ms (cache miss)
1521 http fetch GET 200 https://registry.npmjs.org/object.groupby/-/object.groupby-1.0.3.tgz 1670ms (cache miss)
1522 http fetch GET 200 https://registry.npmjs.org/node-fetch/-/node-fetch-3.3.2.tgz 1686ms (cache miss)
1523 http fetch GET 200 https://registry.npmjs.org/natural-compare/-/natural-compare-1.4.0.tgz 1692ms (cache miss)
1524 http fetch GET 200 https://registry.npmjs.org/negotiator/-/negotiator-1.0.0.tgz 1692ms (cache miss)
1525 http fetch GET 200 https://registry.npmjs.org/node-exports-info/-/node-exports-info-1.6.0.tgz 1693ms (cache miss)
1526 http fetch GET 200 https://registry.npmjs.org/ms/-/ms-2.1.3.tgz 1697ms (cache miss)
1527 http fetch GET 200 https://registry.npmjs.org/nanoid/-/nanoid-3.3.12.tgz 1709ms (cache miss)
1528 http fetch GET 200 https://registry.npmjs.org/node-domexception/-/node-domexception-1.0.0.tgz 1712ms (cache miss)
1529 warn deprecated node-domexception@1.0.0: Use your platform's native DOMException instead
1530 http fetch GET 200 https://registry.npmjs.org/object.fromentries/-/object.fromentries-2.0.8.tgz 1722ms (cache miss)
1531 http fetch GET 200 https://registry.npmjs.org/napi-postinstall/-/napi-postinstall-0.3.4.tgz 1724ms (cache miss)
1532 http fetch GET 200 https://registry.npmjs.org/minimist/-/minimist-1.2.8.tgz 1724ms (cache miss)
1533 http fetch GET 200 https://registry.npmjs.org/mimic-function/-/mimic-function-5.0.1.tgz 1729ms (cache miss)
1534 http fetch GET 200 https://registry.npmjs.org/minimatch/-/minimatch-3.1.5.tgz 1730ms (cache miss)
1535 http fetch GET 200 https://registry.npmjs.org/mute-stream/-/mute-stream-3.0.0.tgz 1747ms (cache miss)
1536 http fetch GET 200 https://registry.npmjs.org/mimic-fn/-/mimic-fn-2.1.0.tgz 1754ms (cache miss)
1537 http fetch GET 200 https://registry.npmjs.org/merge2/-/merge2-1.4.1.tgz 1784ms (cache miss)
1538 http fetch GET 200 https://registry.npmjs.org/merge-descriptors/-/merge-descriptors-2.0.0.tgz 1783ms (cache miss)
1539 http fetch GET 200 https://registry.npmjs.org/mime-types/-/mime-types-3.0.2.tgz 1786ms (cache miss)
1540 http fetch GET 200 https://registry.npmjs.org/merge-stream/-/merge-stream-2.0.0.tgz 1782ms (cache miss)
1541 http fetch GET 200 https://registry.npmjs.org/mime-db/-/mime-db-1.54.0.tgz 1792ms (cache miss)
1542 http fetch GET 200 https://registry.npmjs.org/media-typer/-/media-typer-1.1.0.tgz 1791ms (cache miss)
1543 http fetch GET 200 https://registry.npmjs.org/loose-envify/-/loose-envify-1.4.0.tgz 1807ms (cache miss)
1544 http fetch GET 200 https://registry.npmjs.org/object.entries/-/object.entries-1.1.9.tgz 1807ms (cache miss)
1545 http fetch GET 200 https://registry.npmjs.org/log-symbols/-/log-symbols-6.0.0.tgz 1807ms (cache miss)
1546 http fetch GET 200 https://registry.npmjs.org/micromatch/-/micromatch-4.0.8.tgz 1807ms (cache miss)
1547 http fetch GET 200 https://registry.npmjs.org/locate-path/-/locate-path-6.0.0.tgz 1828ms (cache miss)
1548 http fetch GET 200 https://registry.npmjs.org/lodash.merge/-/lodash.merge-4.6.2.tgz 1839ms (cache miss)
1549 http fetch GET 200 https://registry.npmjs.org/math-intrinsics/-/math-intrinsics-1.1.0.tgz 1866ms (cache miss)
1550 http fetch GET 200 https://registry.npmjs.org/lines-and-columns/-/lines-and-columns-1.2.4.tgz 1870ms (cache miss)
1551 http fetch GET 200 https://registry.npmjs.org/levn/-/levn-0.4.1.tgz 1879ms (cache miss)
1552 http fetch GET 200 https://registry.npmjs.org/lru-cache/-/lru-cache-5.1.1.tgz 1894ms (cache miss)
1553 http fetch GET 200 https://registry.npmjs.org/kleur/-/kleur-4.1.5.tgz 1894ms (cache miss)
1554 http fetch GET 200 https://registry.npmjs.org/magic-string/-/magic-string-0.30.21.tgz 1896ms (cache miss)
1555 http fetch GET 200 https://registry.npmjs.org/keyv/-/keyv-4.5.4.tgz 1901ms (cache miss)
1556 http fetch GET 200 https://registry.npmjs.org/lightningcss/-/lightningcss-1.32.0.tgz 1907ms (cache miss)
1557 http fetch GET 200 https://registry.npmjs.org/language-subtag-registry/-/language-subtag-registry-0.3.23.tgz 1908ms (cache miss)
1558 http fetch GET 200 https://registry.npmjs.org/language-tags/-/language-tags-1.0.9.tgz 1919ms (cache miss)
1559 http fetch GET 200 https://registry.npmjs.org/jsonfile/-/jsonfile-6.2.1.tgz 1957ms (cache miss)
1560 http fetch GET 200 https://registry.npmjs.org/jsx-ast-utils/-/jsx-ast-utils-3.3.5.tgz 1965ms (cache miss)
1561 http fetch GET 200 https://registry.npmjs.org/json-stable-stringify-without-jsonify/-/json-stable-stringify-without-jsonify-1.0.1.tgz 1976ms (cache miss)
1562 http fetch GET 200 https://registry.npmjs.org/json-schema-traverse/-/json-schema-traverse-0.4.1.tgz 1983ms (cache miss)
1563 http fetch GET 200 https://registry.npmjs.org/jspdf-autotable/-/jspdf-autotable-5.0.7.tgz 1985ms (cache miss)
1564 http fetch GET 200 https://registry.npmjs.org/json-parse-even-better-errors/-/json-parse-even-better-errors-2.3.1.tgz 1985ms (cache miss)
1565 http fetch GET 200 https://registry.npmjs.org/jsesc/-/jsesc-3.1.0.tgz 1995ms (cache miss)
1566 http fetch GET 200 https://registry.npmjs.org/json-buffer/-/json-buffer-3.0.1.tgz 2000ms (cache miss)
1567 http fetch GET 200 https://registry.npmjs.org/json-schema-typed/-/json-schema-typed-8.0.2.tgz 2071ms (cache miss)
1568 http fetch GET 200 https://registry.npmjs.org/jiti/-/jiti-2.6.1.tgz 2110ms (cache miss)
1569 http fetch GET 200 https://registry.npmjs.org/isexe/-/isexe-2.0.0.tgz 2112ms (cache miss)
1570 http fetch GET 200 https://registry.npmjs.org/iterator.prototype/-/iterator.prototype-1.1.5.tgz 2112ms (cache miss)
1571 http fetch GET 200 https://registry.npmjs.org/isarray/-/isarray-2.0.5.tgz 2115ms (cache miss)
1572 http fetch GET 200 https://registry.npmjs.org/js-yaml/-/js-yaml-4.1.1.tgz 2125ms (cache miss)
1573 http fetch GET 200 https://registry.npmjs.org/js-tokens/-/js-tokens-4.0.0.tgz 2125ms (cache miss)
1574 http fetch GET 200 https://registry.npmjs.org/is-wsl/-/is-wsl-3.1.1.tgz 2131ms (cache miss)
1575 http fetch GET 200 https://registry.npmjs.org/is-weakset/-/is-weakset-2.0.4.tgz 2133ms (cache miss)
1576 http fetch GET 200 https://registry.npmjs.org/jose/-/jose-6.2.3.tgz 2157ms (cache miss)
1577 http fetch GET 200 https://registry.npmjs.org/is-weakref/-/is-weakref-1.1.1.tgz 2160ms (cache miss)
1578 http fetch GET 200 https://registry.npmjs.org/is-unicode-supported/-/is-unicode-supported-2.1.0.tgz 2169ms (cache miss)
1579 http fetch GET 200 https://registry.npmjs.org/json5/-/json5-2.2.3.tgz 2173ms (cache miss)
1580 http fetch GET 200 https://registry.npmjs.org/lightningcss-darwin-arm64/-/lightningcss-darwin-arm64-1.32.0.tgz 2177ms (cache miss)
1581 http fetch GET 200 https://registry.npmjs.org/is-string/-/is-string-1.1.1.tgz 2224ms (cache miss)
1582 http fetch GET 200 https://registry.npmjs.org/is-symbol/-/is-symbol-1.1.1.tgz 2227ms (cache miss)
1583 http fetch GET 200 https://registry.npmjs.org/is-weakmap/-/is-weakmap-2.0.2.tgz 2240ms (cache miss)
1584 http fetch GET 200 https://registry.npmjs.org/is-stream/-/is-stream-4.0.1.tgz 2246ms (cache miss)
1585 http fetch GET 200 https://registry.npmjs.org/is-shared-array-buffer/-/is-shared-array-buffer-1.0.4.tgz 2247ms (cache miss)
1586 http fetch GET 200 https://registry.npmjs.org/is-set/-/is-set-2.0.3.tgz 2250ms (cache miss)
1587 http fetch GET 200 https://registry.npmjs.org/is-regexp/-/is-regexp-3.1.0.tgz 2253ms (cache miss)
1588 http fetch GET 200 https://registry.npmjs.org/is-plain-obj/-/is-plain-obj-4.1.0.tgz 2254ms (cache miss)
1589 http fetch GET 200 https://registry.npmjs.org/is-promise/-/is-promise-4.0.0.tgz 2271ms (cache miss)
1590 http fetch GET 200 https://registry.npmjs.org/is-obj/-/is-obj-3.0.0.tgz 2272ms (cache miss)
1591 http fetch GET 200 https://registry.npmjs.org/is-node-process/-/is-node-process-1.2.0.tgz 2282ms (cache miss)
1592 http fetch GET 200 https://registry.npmjs.org/is-number/-/is-number-7.0.0.tgz 2282ms (cache miss)
1593 http fetch GET 200 https://registry.npmjs.org/is-number-object/-/is-number-object-1.1.1.tgz 2282ms (cache miss)
1594 http fetch GET 200 https://registry.npmjs.org/msw/-/msw-2.14.2.tgz 2332ms (cache miss)
1595 http fetch GET 200 https://registry.npmjs.org/is-interactive/-/is-interactive-2.0.0.tgz 2328ms (cache miss)
1596 http fetch GET 200 https://registry.npmjs.org/is-map/-/is-map-2.0.3.tgz 2329ms (cache miss)
1597 http fetch GET 200 https://registry.npmjs.org/is-inside-container/-/is-inside-container-1.0.0.tgz 2335ms (cache miss)
1598 http fetch GET 200 https://registry.npmjs.org/is-typed-array/-/is-typed-array-1.1.15.tgz 2344ms (cache miss)
1599 http fetch GET 200 https://registry.npmjs.org/is-negative-zero/-/is-negative-zero-2.0.3.tgz 2344ms (cache miss)
1600 http fetch GET 200 https://registry.npmjs.org/is-in-ssh/-/is-in-ssh-1.0.0.tgz 2348ms (cache miss)
1601 http fetch GET 200 https://registry.npmjs.org/is-regex/-/is-regex-1.2.1.tgz 2353ms (cache miss)
1602 http fetch GET 200 https://registry.npmjs.org/is-glob/-/is-glob-4.0.3.tgz 2354ms (cache miss)
1603 http fetch GET 200 https://registry.npmjs.org/is-generator-function/-/is-generator-function-1.1.2.tgz 2373ms (cache miss)
1604 http fetch GET 200 https://registry.npmjs.org/is-fullwidth-code-point/-/is-fullwidth-code-point-3.0.0.tgz 2387ms (cache miss)
1605 http fetch GET 200 https://registry.npmjs.org/is-finalizationregistry/-/is-finalizationregistry-1.1.1.tgz 2390ms (cache miss)
1606 http fetch GET 200 https://registry.npmjs.org/is-extglob/-/is-extglob-2.1.1.tgz 2391ms (cache miss)
1607 http fetch GET 200 https://registry.npmjs.org/is-date-object/-/is-date-object-1.1.0.tgz 2391ms (cache miss)
1608 http fetch GET 200 https://registry.npmjs.org/is-core-module/-/is-core-module-2.16.1.tgz 2437ms (cache miss)
1609 http fetch GET 200 https://registry.npmjs.org/is-data-view/-/is-data-view-1.0.2.tgz 2443ms (cache miss)
1610 http fetch GET 200 https://registry.npmjs.org/is-callable/-/is-callable-1.2.7.tgz 2456ms (cache miss)
1611 http fetch GET 200 https://registry.npmjs.org/is-boolean-object/-/is-boolean-object-1.2.2.tgz 2469ms (cache miss)
1612 http fetch GET 200 https://registry.npmjs.org/is-docker/-/is-docker-3.0.0.tgz 2475ms (cache miss)
1613 http fetch GET 200 https://registry.npmjs.org/is-bigint/-/is-bigint-1.1.0.tgz 2504ms (cache miss)
1614 http fetch GET 200 https://registry.npmjs.org/is-arrayish/-/is-arrayish-0.2.1.tgz 2506ms (cache miss)
1615 http fetch GET 200 https://registry.npmjs.org/is-async-function/-/is-async-function-2.1.1.tgz 2514ms (cache miss)
1616 http fetch GET 200 https://registry.npmjs.org/is-array-buffer/-/is-array-buffer-3.0.5.tgz 2542ms (cache miss)
1617 http fetch GET 200 https://registry.npmjs.org/inherits/-/inherits-2.0.4.tgz 2558ms (cache miss)
1618 http fetch GET 200 https://registry.npmjs.org/is-bun-module/-/is-bun-module-2.0.0.tgz 2559ms (cache miss)
1619 http fetch GET 200 https://registry.npmjs.org/iobuffer/-/iobuffer-5.4.0.tgz 2561ms (cache miss)
1620 http fetch GET 200 https://registry.npmjs.org/internal-slot/-/internal-slot-1.1.0.tgz 2602ms (cache miss)
1621 http fetch GET 200 https://registry.npmjs.org/import-fresh/-/import-fresh-3.3.1.tgz 2607ms (cache miss)
1622 http fetch GET 200 https://registry.npmjs.org/ignore/-/ignore-5.3.2.tgz 2610ms (cache miss)
1623 http fetch GET 200 https://registry.npmjs.org/ip-address/-/ip-address-10.1.0.tgz 2612ms (cache miss)
1624 http fetch GET 200 https://registry.npmjs.org/http-errors/-/http-errors-2.0.1.tgz 2649ms (cache miss)
1625 http fetch GET 200 https://registry.npmjs.org/human-signals/-/human-signals-8.0.1.tgz 2649ms (cache miss)
1626 http fetch GET 200 https://registry.npmjs.org/iceberg-js/-/iceberg-js-0.8.1.tgz 2652ms (cache miss)
1627 http fetch GET 200 https://registry.npmjs.org/imurmurhash/-/imurmurhash-0.1.4.tgz 2653ms (cache miss)
1628 http fetch GET 200 https://registry.npmjs.org/https-proxy-agent/-/https-proxy-agent-7.0.6.tgz 2669ms (cache miss)
1629 http fetch GET 200 https://registry.npmjs.org/hermes-estree/-/hermes-estree-0.25.1.tgz 2765ms (cache miss)
1630 http fetch GET 200 https://registry.npmjs.org/iconv-lite/-/iconv-lite-0.7.2.tgz 2775ms (cache miss)
1631 http fetch GET 200 https://registry.npmjs.org/hasown/-/hasown-2.0.3.tgz 2780ms (cache miss)
1632 http fetch GET 200 https://registry.npmjs.org/has-tostringtag/-/has-tostringtag-1.0.2.tgz 2781ms (cache miss)
1633 http fetch GET 200 https://registry.npmjs.org/headers-polyfill/-/headers-polyfill-5.0.1.tgz 2788ms (cache miss)
1634 http fetch GET 200 https://registry.npmjs.org/has-property-descriptors/-/has-property-descriptors-1.0.2.tgz 2803ms (cache miss)
1635 http fetch GET 200 https://registry.npmjs.org/has-proto/-/has-proto-1.2.0.tgz 2808ms (cache miss)
1636 http fetch GET 200 https://registry.npmjs.org/has-symbols/-/has-symbols-1.1.0.tgz 2811ms (cache miss)
1637 http fetch GET 200 https://registry.npmjs.org/has-flag/-/has-flag-4.0.0.tgz 2824ms (cache miss)
1638 http fetch GET 200 https://registry.npmjs.org/ipaddr.js/-/ipaddr.js-1.9.1.tgz 2843ms (cache miss)
1639 http fetch GET 200 https://registry.npmjs.org/jspdf/-/jspdf-4.2.1.tgz 2856ms (cache miss)
1640 http fetch GET 200 https://registry.npmjs.org/hermes-parser/-/hermes-parser-0.25.1.tgz 2846ms (cache miss)
1641 http fetch GET 200 https://registry.npmjs.org/has-bigints/-/has-bigints-1.1.0.tgz 2883ms (cache miss)
1642 http fetch GET 200 https://registry.npmjs.org/html2canvas/-/html2canvas-1.4.1.tgz 2931ms (cache miss)
1643 http fetch GET 200 https://registry.npmjs.org/gopd/-/gopd-1.2.0.tgz 2950ms (cache miss)
1644 http fetch GET 200 https://registry.npmjs.org/glob-parent/-/glob-parent-6.0.2.tgz 2983ms (cache miss)
1645 http fetch GET 200 https://registry.npmjs.org/globalthis/-/globalthis-1.0.4.tgz 2984ms (cache miss)
1646 http fetch GET 200 https://registry.npmjs.org/globals/-/globals-14.0.0.tgz 2985ms (cache miss)
1647 http fetch GET 200 https://registry.npmjs.org/graceful-fs/-/graceful-fs-4.2.11.tgz 2990ms (cache miss)
1648 http fetch GET 200 https://registry.npmjs.org/get-own-enumerable-keys/-/get-own-enumerable-keys-1.0.0.tgz 2991ms (cache miss)
1649 http fetch GET 200 https://registry.npmjs.org/get-intrinsic/-/get-intrinsic-1.3.0.tgz 2991ms (cache miss)
1650 http fetch GET 200 https://registry.npmjs.org/get-stream/-/get-stream-9.0.1.tgz 2995ms (cache miss)
1651 http fetch GET 200 https://registry.npmjs.org/get-tsconfig/-/get-tsconfig-4.14.0.tgz 3005ms (cache miss)
1652 http fetch GET 200 https://registry.npmjs.org/get-east-asian-width/-/get-east-asian-width-1.5.0.tgz 3004ms (cache miss)
1653 http fetch GET 200 https://registry.npmjs.org/get-caller-file/-/get-caller-file-2.0.5.tgz 3008ms (cache miss)
1654 http fetch GET 200 https://registry.npmjs.org/gensync/-/gensync-1.0.0-beta.2.tgz 3017ms (cache miss)
1655 http fetch GET 200 https://registry.npmjs.org/hono/-/hono-4.12.16.tgz 3033ms (cache miss)
1656 http fetch GET 200 https://registry.npmjs.org/generator-function/-/generator-function-2.0.1.tgz 3039ms (cache miss)
1657 http fetch GET 200 https://registry.npmjs.org/functions-have-names/-/functions-have-names-1.2.3.tgz 3062ms (cache miss)
1658 http fetch GET 200 https://registry.npmjs.org/graphql/-/graphql-16.13.2.tgz 3073ms (cache miss)
1659 http fetch GET 200 https://registry.npmjs.org/function.prototype.name/-/function.prototype.name-1.1.8.tgz 3102ms (cache miss)
1660 http fetch GET 200 https://registry.npmjs.org/fuzzysort/-/fuzzysort-3.1.0.tgz 3117ms (cache miss)
1661 http fetch GET 200 https://registry.npmjs.org/get-proto/-/get-proto-1.0.1.tgz 3118ms (cache miss)
1662 http fetch GET 200 https://registry.npmjs.org/function-bind/-/function-bind-1.1.2.tgz 3135ms (cache miss)
1663 http fetch GET 200 https://registry.npmjs.org/flatted/-/flatted-3.4.2.tgz 3140ms (cache miss)
1664 http fetch GET 200 https://registry.npmjs.org/find-up/-/find-up-5.0.0.tgz 3146ms (cache miss)
1665 http fetch GET 200 https://registry.npmjs.org/flat-cache/-/flat-cache-4.0.1.tgz 3146ms (cache miss)
1666 http fetch GET 200 https://registry.npmjs.org/fresh/-/fresh-2.0.0.tgz 3150ms (cache miss)
1667 http fetch GET 200 https://registry.npmjs.org/for-each/-/for-each-0.3.5.tgz 3162ms (cache miss)
1668 http fetch GET 200 https://registry.npmjs.org/file-entry-cache/-/file-entry-cache-8.0.0.tgz 3202ms (cache miss)
1669 http fetch GET 200 https://registry.npmjs.org/figures/-/figures-6.1.0.tgz 3210ms (cache miss)
1670 http fetch GET 200 https://registry.npmjs.org/finalhandler/-/finalhandler-2.1.1.tgz 3216ms (cache miss)
1671 http fetch GET 200 https://registry.npmjs.org/fetch-blob/-/fetch-blob-3.2.0.tgz 3230ms (cache miss)
1672 http fetch GET 200 https://registry.npmjs.org/fast-wrap-ansi/-/fast-wrap-ansi-0.2.0.tgz 3231ms (cache miss)
1673 http fetch GET 200 https://registry.npmjs.org/fastq/-/fastq-1.20.1.tgz 3231ms (cache miss)
1674 http fetch GET 200 https://registry.npmjs.org/get-symbol-description/-/get-symbol-description-1.1.0.tgz 3239ms (cache miss)
1675 http fetch GET 200 https://registry.npmjs.org/fast-levenshtein/-/fast-levenshtein-2.0.6.tgz 3239ms (cache miss)
1676 http fetch GET 200 https://registry.npmjs.org/fast-uri/-/fast-uri-3.1.0.tgz 3254ms (cache miss)
1677 http fetch GET 200 https://registry.npmjs.org/fflate/-/fflate-0.8.2.tgz 3260ms (cache miss)
1678 http fetch GET 200 https://registry.npmjs.org/fast-png/-/fast-png-6.4.0.tgz 3273ms (cache miss)
1679 http fetch GET 200 https://registry.npmjs.org/formdata-polyfill/-/formdata-polyfill-4.0.10.tgz 3286ms (cache miss)
1680 http fetch GET 200 https://registry.npmjs.org/fast-json-stable-stringify/-/fast-json-stable-stringify-2.1.0.tgz 3302ms (cache miss)
1681 http fetch GET 200 https://registry.npmjs.org/fast-deep-equal/-/fast-deep-equal-3.1.3.tgz 3304ms (cache miss)
1682 http fetch GET 200 https://registry.npmjs.org/fast-string-truncated-width/-/fast-string-truncated-width-3.0.3.tgz 3317ms (cache miss)
1683 http fetch GET 200 https://registry.npmjs.org/express/-/express-5.2.1.tgz 3329ms (cache miss)
1684 http fetch GET 200 https://registry.npmjs.org/express-rate-limit/-/express-rate-limit-8.4.1.tgz 3330ms (cache miss)
1685 http fetch GET 200 https://registry.npmjs.org/fast-glob/-/fast-glob-3.3.1.tgz 3333ms (cache miss)
1686 http fetch GET 200 https://registry.npmjs.org/fast-string-width/-/fast-string-width-3.0.2.tgz 3335ms (cache miss)
1687 http fetch GET 200 https://registry.npmjs.org/etag/-/etag-1.8.1.tgz 3335ms (cache miss)
1688 http fetch GET 200 https://registry.npmjs.org/eventsource-parser/-/eventsource-parser-3.0.8.tgz 3343ms (cache miss)
1689 http fetch GET 200 https://registry.npmjs.org/estraverse/-/estraverse-5.3.0.tgz 3364ms (cache miss)
1690 http fetch GET 200 https://registry.npmjs.org/esquery/-/esquery-1.7.0.tgz 3375ms (cache miss)
1691 http fetch GET 200 https://registry.npmjs.org/esrecurse/-/esrecurse-4.3.0.tgz 3388ms (cache miss)
1692 http fetch GET 200 https://registry.npmjs.org/eventsource/-/eventsource-3.0.7.tgz 3394ms (cache miss)
1693 http fetch GET 200 https://registry.npmjs.org/execa/-/execa-9.6.1.tgz 3397ms (cache miss)
1694 http fetch GET 200 https://registry.npmjs.org/eslint-visitor-keys/-/eslint-visitor-keys-4.2.1.tgz 3401ms (cache miss)
1695 http fetch GET 200 https://registry.npmjs.org/forwarded/-/forwarded-0.2.0.tgz 3425ms (cache miss)
1696 http fetch GET 200 https://registry.npmjs.org/espree/-/espree-10.4.0.tgz 3423ms (cache miss)
1697 http fetch GET 200 https://registry.npmjs.org/esprima/-/esprima-4.0.1.tgz 3426ms (cache miss)
1698 http fetch GET 200 https://registry.npmjs.org/eslint-scope/-/eslint-scope-8.4.0.tgz 3429ms (cache miss)
1699 http fetch GET 200 https://registry.npmjs.org/esutils/-/esutils-2.0.3.tgz 3433ms (cache miss)
1700 http fetch GET 200 https://registry.npmjs.org/fs-extra/-/fs-extra-11.3.4.tgz 3443ms (cache miss)
1701 http fetch GET 200 https://registry.npmjs.org/eslint-plugin-react-hooks/-/eslint-plugin-react-hooks-7.1.1.tgz 3460ms (cache miss)
1702 http fetch GET 200 https://registry.npmjs.org/fill-range/-/fill-range-7.1.1.tgz 3468ms (cache miss)
1703 http fetch GET 200 https://registry.npmjs.org/eslint-module-utils/-/eslint-module-utils-2.12.1.tgz 3470ms (cache miss)
1704 http fetch GET 200 https://registry.npmjs.org/eslint-import-resolver-node/-/eslint-import-resolver-node-0.3.10.tgz 3477ms (cache miss)
1705 http fetch GET 200 https://registry.npmjs.org/eslint-config-next/-/eslint-config-next-16.2.4.tgz 3478ms (cache miss)
1706 http fetch GET 200 https://registry.npmjs.org/escape-string-regexp/-/escape-string-regexp-4.0.0.tgz 3483ms (cache miss)
1707 http fetch GET 200 https://registry.npmjs.org/es-shim-unscopables/-/es-shim-unscopables-1.1.0.tgz 3499ms (cache miss)
1708 http fetch GET 200 https://registry.npmjs.org/escalade/-/escalade-3.2.0.tgz 3501ms (cache miss)
1709 http fetch GET 200 https://registry.npmjs.org/es-to-primitive/-/es-to-primitive-1.3.0.tgz 3504ms (cache miss)
1710 http fetch GET 200 https://registry.npmjs.org/lucide-react/-/lucide-react-1.14.0.tgz 3529ms (cache miss)
1711 http fetch GET 200 https://registry.npmjs.org/escape-html/-/escape-html-1.0.3.tgz 3510ms (cache miss)
1712 http fetch GET 200 https://registry.npmjs.org/es-set-tostringtag/-/es-set-tostringtag-2.1.0.tgz 3517ms (cache miss)
1713 http fetch GET 200 https://registry.npmjs.org/eslint-import-resolver-typescript/-/eslint-import-resolver-typescript-3.10.1.tgz 3521ms (cache miss)
1714 http fetch GET 200 https://registry.npmjs.org/es-object-atoms/-/es-object-atoms-1.1.1.tgz 3524ms (cache miss)
1715 http fetch GET 200 https://registry.npmjs.org/eslint-plugin-import/-/eslint-plugin-import-2.32.0.tgz 3530ms (cache miss)
1716 http fetch GET 200 https://registry.npmjs.org/error-ex/-/error-ex-1.3.4.tgz 3544ms (cache miss)
1717 http fetch GET 200 https://registry.npmjs.org/eslint-plugin-jsx-a11y/-/eslint-plugin-jsx-a11y-6.10.2.tgz 3561ms (cache miss)
1718 http fetch GET 200 https://registry.npmjs.org/es-define-property/-/es-define-property-1.0.1.tgz 3559ms (cache miss)
1719 http fetch GET 200 https://registry.npmjs.org/es-errors/-/es-errors-1.3.0.tgz 3564ms (cache miss)
1720 http fetch GET 200 https://registry.npmjs.org/emoji-regex/-/emoji-regex-9.2.2.tgz 3571ms (cache miss)
1721 http fetch GET 200 https://registry.npmjs.org/electron-to-chromium/-/electron-to-chromium-1.5.349.tgz 3581ms (cache miss)
1722 http fetch GET 200 https://registry.npmjs.org/env-paths/-/env-paths-2.2.1.tgz 3582ms (cache miss)
1723 http fetch GET 200 https://registry.npmjs.org/eciesjs/-/eciesjs-0.4.18.tgz 3588ms (cache miss)
1724 http fetch GET 200 https://registry.npmjs.org/es-iterator-helpers/-/es-iterator-helpers-1.3.2.tgz 3593ms (cache miss)
1725 http fetch GET 200 https://registry.npmjs.org/dunder-proto/-/dunder-proto-1.0.1.tgz 3595ms (cache miss)
1726 http fetch GET 200 https://registry.npmjs.org/encodeurl/-/encodeurl-2.0.0.tgz 3603ms (cache miss)
1727 http fetch GET 200 https://registry.npmjs.org/doctrine/-/doctrine-2.1.0.tgz 3605ms (cache miss)
1728 http fetch GET 200 https://registry.npmjs.org/eslint-plugin-react/-/eslint-plugin-react-7.37.5.tgz 3624ms (cache miss)
1729 http fetch GET 200 https://registry.npmjs.org/dompurify/-/dompurify-3.4.2.tgz 3635ms (cache miss)
1730 http fetch GET 200 https://registry.npmjs.org/ee-first/-/ee-first-1.1.1.tgz 3640ms (cache miss)
1731 http fetch GET 200 https://registry.npmjs.org/enhanced-resolve/-/enhanced-resolve-5.21.0.tgz 3650ms (cache miss)
1732 http fetch GET 200 https://registry.npmjs.org/detect-libc/-/detect-libc-2.1.2.tgz 3653ms (cache miss)
1733 http fetch GET 200 https://registry.npmjs.org/dexie-react-hooks/-/dexie-react-hooks-4.4.0.tgz 3666ms (cache miss)
1734 http fetch GET 200 https://registry.npmjs.org/dotenv/-/dotenv-17.4.2.tgz 3668ms (cache miss)
1735 http fetch GET 200 https://registry.npmjs.org/define-properties/-/define-properties-1.2.1.tgz 3668ms (cache miss)
1736 http fetch GET 200 https://registry.npmjs.org/define-lazy-prop/-/define-lazy-prop-3.0.0.tgz 3674ms (cache miss)
1737 http fetch GET 200 https://registry.npmjs.org/define-data-property/-/define-data-property-1.1.4.tgz 3674ms (cache miss)
1738 http fetch GET 200 https://registry.npmjs.org/default-browser-id/-/default-browser-id-5.0.1.tgz 3675ms (cache miss)
1739 http fetch GET 200 https://registry.npmjs.org/diff/-/diff-8.0.4.tgz 3680ms (cache miss)
1740 http fetch GET 200 https://registry.npmjs.org/deep-is/-/deep-is-0.1.4.tgz 3678ms (cache miss)
1741 http fetch GET 200 https://registry.npmjs.org/dexie/-/dexie-4.4.2.tgz 3684ms (cache miss)
1742 http fetch GET 200 https://registry.npmjs.org/default-browser/-/default-browser-5.5.0.tgz 3689ms (cache miss)
1743 http fetch GET 200 https://registry.npmjs.org/depd/-/depd-2.0.0.tgz 3691ms (cache miss)
1744 http fetch GET 200 https://registry.npmjs.org/dedent/-/dedent-1.7.2.tgz 3706ms (cache miss)
1745 http fetch GET 200 https://registry.npmjs.org/debug/-/debug-4.4.3.tgz 3726ms (cache miss)
1746 http fetch GET 200 https://registry.npmjs.org/data-view-byte-offset/-/data-view-byte-offset-1.0.1.tgz 3725ms (cache miss)
1747 http fetch GET 200 https://registry.npmjs.org/data-uri-to-buffer/-/data-uri-to-buffer-4.0.1.tgz 3725ms (cache miss)
1748 http fetch GET 200 https://registry.npmjs.org/data-view-buffer/-/data-view-buffer-1.0.2.tgz 3738ms (cache miss)
1749 http fetch GET 200 https://registry.npmjs.org/data-view-byte-length/-/data-view-byte-length-1.0.2.tgz 3748ms (cache miss)
1750 http fetch GET 200 https://registry.npmjs.org/damerau-levenshtein/-/damerau-levenshtein-1.0.8.tgz 3759ms (cache miss)
1751 http fetch GET 200 https://registry.npmjs.org/deepmerge/-/deepmerge-4.3.1.tgz 3758ms (cache miss)
1752 http fetch GET 200 https://registry.npmjs.org/cssesc/-/cssesc-3.0.0.tgz 3759ms (cache miss)
1753 http fetch GET 200 https://registry.npmjs.org/cookie-signature/-/cookie-signature-1.2.2.tgz 3759ms (cache miss)
1754 http fetch GET 200 https://registry.npmjs.org/cors/-/cors-2.8.6.tgz 3760ms (cache miss)
1755 http fetch GET 200 https://registry.npmjs.org/cosmiconfig/-/cosmiconfig-9.0.1.tgz 3771ms (cache miss)
1756 http fetch GET 200 https://registry.npmjs.org/css-line-break/-/css-line-break-2.1.0.tgz 3781ms (cache miss)
1757 http fetch GET 200 https://registry.npmjs.org/content-type/-/content-type-1.0.5.tgz 3782ms (cache miss)
1758 http fetch GET 200 https://registry.npmjs.org/cookie/-/cookie-0.7.2.tgz 3782ms (cache miss)
1759 http fetch GET 200 https://registry.npmjs.org/eslint/-/eslint-9.39.4.tgz 3796ms (cache miss)
1760 http fetch GET 200 https://registry.npmjs.org/convert-source-map/-/convert-source-map-2.0.0.tgz 3804ms (cache miss)
1761 http fetch GET 200 https://registry.npmjs.org/content-disposition/-/content-disposition-1.1.0.tgz 3808ms (cache miss)
1762 http fetch GET 200 https://registry.npmjs.org/commander/-/commander-14.0.3.tgz 3810ms (cache miss)
1763 http fetch GET 200 https://registry.npmjs.org/cross-spawn/-/cross-spawn-7.0.6.tgz 3826ms (cache miss)
1764 http fetch GET 200 https://registry.npmjs.org/concat-map/-/concat-map-0.0.1.tgz 3834ms (cache miss)
1765 http fetch GET 200 https://registry.npmjs.org/color-name/-/color-name-1.1.4.tgz 3842ms (cache miss)
1766 http fetch GET 200 https://registry.npmjs.org/cliui/-/cliui-8.0.1.tgz 3842ms (cache miss)
1767 http fetch GET 200 https://registry.npmjs.org/clsx/-/clsx-2.1.1.tgz 3842ms (cache miss)
1768 http fetch GET 200 https://registry.npmjs.org/client-only/-/client-only-0.0.1.tgz 3842ms (cache miss)
1769 http fetch GET 200 https://registry.npmjs.org/cli-width/-/cli-width-4.1.0.tgz 3847ms (cache miss)
1770 http fetch GET 200 https://registry.npmjs.org/cli-spinners/-/cli-spinners-2.9.2.tgz 3846ms (cache miss)
1771 http fetch GET 200 https://registry.npmjs.org/code-block-writer/-/code-block-writer-13.0.3.tgz 3852ms (cache miss)
1772 http fetch GET 200 https://registry.npmjs.org/cli-cursor/-/cli-cursor-5.0.0.tgz 3858ms (cache miss)
1773 http fetch GET 200 https://registry.npmjs.org/chalk/-/chalk-4.1.2.tgz 3883ms (cache miss)
1774 http fetch GET 200 https://registry.npmjs.org/callsites/-/callsites-3.1.0.tgz 3890ms (cache miss)
1775 http fetch GET 200 https://registry.npmjs.org/call-bound/-/call-bound-1.0.4.tgz 3890ms (cache miss)
1776 http fetch GET 200 https://registry.npmjs.org/color-convert/-/color-convert-2.0.1.tgz 3893ms (cache miss)
1777 http fetch GET 200 https://registry.npmjs.org/class-variance-authority/-/class-variance-authority-0.7.1.tgz 3909ms (cache miss)
1778 http fetch GET 200 https://registry.npmjs.org/bytes/-/bytes-3.1.2.tgz 3920ms (cache miss)
1779 http fetch GET 200 https://registry.npmjs.org/call-bind-apply-helpers/-/call-bind-apply-helpers-1.0.2.tgz 3931ms (cache miss)
1780 http fetch GET 200 https://registry.npmjs.org/call-bind/-/call-bind-1.0.9.tgz 3932ms (cache miss)
1781 http fetch GET 200 https://registry.npmjs.org/bundle-name/-/bundle-name-4.1.0.tgz 3933ms (cache miss)
1782 http fetch GET 200 https://registry.npmjs.org/brace-expansion/-/brace-expansion-1.1.14.tgz 3934ms (cache miss)
1783 http fetch GET 200 https://registry.npmjs.org/braces/-/braces-3.0.3.tgz 3934ms (cache miss)
1784 http fetch GET 200 https://registry.npmjs.org/browserslist/-/browserslist-4.28.2.tgz 3934ms (cache miss)
1785 http fetch GET 200 https://registry.npmjs.org/body-parser/-/body-parser-2.2.2.tgz 3936ms (cache miss)
1786 http fetch GET 200 https://registry.npmjs.org/canvg/-/canvg-3.0.11.tgz 3941ms (cache miss)
1787 http fetch GET 200 https://registry.npmjs.org/baseline-browser-mapping/-/baseline-browser-mapping-2.10.25.tgz 3943ms (cache miss)
1788 http fetch GET 200 https://registry.npmjs.org/balanced-match/-/balanced-match-1.0.2.tgz 3961ms (cache miss)
1789 http fetch GET 200 https://registry.npmjs.org/available-typed-arrays/-/available-typed-arrays-1.0.7.tgz 3978ms (cache miss)
1790 http fetch GET 200 https://registry.npmjs.org/async-function/-/async-function-1.0.0.tgz 3992ms (cache miss)
1791 http fetch GET 200 https://registry.npmjs.org/base64-arraybuffer/-/base64-arraybuffer-1.0.2.tgz 4018ms (cache miss)
1792 http fetch GET 200 https://registry.npmjs.org/arraybuffer.prototype.slice/-/arraybuffer.prototype.slice-1.0.4.tgz 4019ms (cache miss)
1793 http fetch GET 200 https://registry.npmjs.org/array.prototype.findlastindex/-/array.prototype.findlastindex-1.2.6.tgz 4019ms (cache miss)
1794 http fetch GET 200 https://registry.npmjs.org/array.prototype.flatmap/-/array.prototype.flatmap-1.3.3.tgz 4020ms (cache miss)
1795 http fetch GET 200 https://registry.npmjs.org/ast-types-flow/-/ast-types-flow-0.0.8.tgz 4020ms (cache miss)
1796 http fetch GET 200 https://registry.npmjs.org/array.prototype.tosorted/-/array.prototype.tosorted-1.1.4.tgz 4021ms (cache miss)
1797 http fetch GET 200 https://registry.npmjs.org/array.prototype.findlast/-/array.prototype.findlast-1.2.5.tgz 4026ms (cache miss)
1798 http fetch GET 200 https://registry.npmjs.org/array-includes/-/array-includes-3.1.9.tgz 4032ms (cache miss)
1799 http fetch GET 200 https://registry.npmjs.org/array-buffer-byte-length/-/array-buffer-byte-length-1.0.2.tgz 4047ms (cache miss)
1800 http fetch GET 200 https://registry.npmjs.org/argparse/-/argparse-2.0.1.tgz 4055ms (cache miss)
1801 http fetch GET 200 https://registry.npmjs.org/ansi-styles/-/ansi-styles-4.3.0.tgz 4063ms (cache miss)
1802 http fetch GET 200 https://registry.npmjs.org/axe-core/-/axe-core-4.11.4.tgz 4077ms (cache miss)
1803 http fetch GET 200 https://registry.npmjs.org/axobject-query/-/axobject-query-4.1.0.tgz 4080ms (cache miss)
1804 http fetch GET 200 https://registry.npmjs.org/ast-types/-/ast-types-0.16.1.tgz 4092ms (cache miss)
1805 http fetch GET 200 https://registry.npmjs.org/ansi-regex/-/ansi-regex-6.2.2.tgz 4091ms (cache miss)
1806 http fetch GET 200 https://registry.npmjs.org/array.prototype.flat/-/array.prototype.flat-1.3.3.tgz 4091ms (cache miss)
1807 http fetch GET 200 https://registry.npmjs.org/agent-base/-/agent-base-7.1.4.tgz 4096ms (cache miss)
1808 http fetch GET 200 https://registry.npmjs.org/accepts/-/accepts-2.0.0.tgz 4100ms (cache miss)
1809 http fetch GET 200 https://registry.npmjs.org/acorn-jsx/-/acorn-jsx-5.3.2.tgz 4108ms (cache miss)
1810 http fetch GET 200 https://registry.npmjs.org/ajv-formats/-/ajv-formats-3.0.1.tgz 4112ms (cache miss)
1811 http fetch GET 200 https://registry.npmjs.org/acorn/-/acorn-8.16.0.tgz 4115ms (cache miss)
1812 http fetch GET 200 https://registry.npmjs.org/@typescript-eslint/visitor-keys/-/visitor-keys-8.59.1.tgz 4154ms (cache miss)
1813 http fetch GET 200 https://registry.npmjs.org/@typescript-eslint/tsconfig-utils/-/tsconfig-utils-8.59.1.tgz 4170ms (cache miss)
1814 http fetch GET 200 https://registry.npmjs.org/@typescript-eslint/types/-/types-8.59.1.tgz 4174ms (cache miss)
1815 http fetch GET 200 https://registry.npmjs.org/@typescript-eslint/type-utils/-/type-utils-8.59.1.tgz 4177ms (cache miss)
1816 http fetch GET 200 https://registry.npmjs.org/@typescript-eslint/parser/-/parser-8.59.1.tgz 4188ms (cache miss)
1817 http fetch GET 200 https://registry.npmjs.org/@typescript-eslint/utils/-/utils-8.59.1.tgz 4192ms (cache miss)
1818 http fetch GET 200 https://registry.npmjs.org/ajv/-/ajv-6.15.0.tgz 4195ms (cache miss)
1819 http fetch GET 200 https://registry.npmjs.org/@typescript-eslint/typescript-estree/-/typescript-estree-8.59.1.tgz 4207ms (cache miss)
1820 http fetch GET 200 https://registry.npmjs.org/@types/ws/-/ws-8.18.1.tgz 4210ms (cache miss)
1821 http fetch GET 200 https://registry.npmjs.org/@types/trusted-types/-/trusted-types-2.0.7.tgz 4209ms (cache miss)
1822 http fetch GET 200 https://registry.npmjs.org/@unrs/resolver-binding-darwin-arm64/-/resolver-binding-darwin-arm64-1.11.1.tgz 4223ms (cache miss)
1823 http fetch GET 200 https://registry.npmjs.org/aria-query/-/aria-query-5.3.2.tgz 4230ms (cache miss)
1824 http fetch GET 200 https://registry.npmjs.org/@types/raf/-/raf-3.4.3.tgz 4229ms (cache miss)
1825 http fetch GET 200 https://registry.npmjs.org/@types/statuses/-/statuses-2.0.6.tgz 4240ms (cache miss)
1826 http fetch GET 200 https://registry.npmjs.org/@types/pako/-/pako-2.0.4.tgz 4240ms (cache miss)
1827 http fetch GET 200 https://registry.npmjs.org/@types/json-schema/-/json-schema-7.0.15.tgz 4251ms (cache miss)
1828 http fetch GET 200 https://registry.npmjs.org/@types/set-cookie-parser/-/set-cookie-parser-2.4.10.tgz 4251ms (cache miss)
1829 http fetch GET 200 https://registry.npmjs.org/@types/node/-/node-25.6.0.tgz 4280ms (cache miss)
1830 http fetch GET 200 https://registry.npmjs.org/@types/estree/-/estree-1.0.8.tgz 4281ms (cache miss)
1831 http fetch GET 200 https://registry.npmjs.org/@types/json5/-/json5-0.0.29.tgz 4284ms (cache miss)
1832 http fetch GET 200 https://registry.npmjs.org/es-abstract/-/es-abstract-1.24.2.tgz 4345ms (cache miss)
1833 http fetch GET 200 https://registry.npmjs.org/@tailwindcss/postcss/-/postcss-4.2.4.tgz 4325ms (cache miss)
1834 http fetch GET 200 https://registry.npmjs.org/@tybys/wasm-util/-/wasm-util-0.10.1.tgz 4357ms (cache miss)
1835 http fetch GET 200 https://registry.npmjs.org/@supabase/supabase-js/-/supabase-js-2.105.1.tgz 4363ms (cache miss)
1836 http fetch GET 200 https://registry.npmjs.org/@types/validate-npm-package-name/-/validate-npm-package-name-4.0.2.tgz 4385ms (cache miss)
1837 http fetch GET 200 https://registry.npmjs.org/@typescript-eslint/project-service/-/project-service-8.59.1.tgz 4392ms (cache miss)
1838 http fetch GET 200 https://registry.npmjs.org/@supabase/functions-js/-/functions-js-2.105.1.tgz 4412ms (cache miss)
1839 http fetch GET 200 https://registry.npmjs.org/@tailwindcss/oxide/-/oxide-4.2.4.tgz 4457ms (cache miss)
1840 http fetch GET 200 https://registry.npmjs.org/@rtsao/scc/-/scc-1.1.0.tgz 4458ms (cache miss)
1841 http fetch GET 200 https://registry.npmjs.org/@tailwindcss/node/-/node-4.2.4.tgz 4472ms (cache miss)
1842 http fetch GET 200 https://registry.npmjs.org/@ts-morph/common/-/common-0.27.0.tgz 4479ms (cache miss)
1843 http fetch GET 200 https://registry.npmjs.org/@sec-ant/readable-stream/-/readable-stream-0.4.1.tgz 4526ms (cache miss)
1844 http fetch GET 200 https://registry.npmjs.org/@supabase/postgrest-js/-/postgrest-js-2.105.1.tgz 4534ms (cache miss)
1845 http fetch GET 200 https://registry.npmjs.org/@tailwindcss/oxide-darwin-arm64/-/oxide-darwin-arm64-4.2.4.tgz 4539ms (cache miss)
1846 http fetch GET 200 https://registry.npmjs.org/@supabase/storage-js/-/storage-js-2.105.1.tgz 4541ms (cache miss)
1847 http fetch GET 200 https://registry.npmjs.org/@swc/helpers/-/helpers-0.5.15.tgz 4551ms (cache miss)
1848 http fetch GET 200 https://registry.npmjs.org/@typescript-eslint/eslint-plugin/-/eslint-plugin-8.59.1.tgz 4563ms (cache miss)
1849 http fetch GET 200 https://registry.npmjs.org/@nodelib/fs.walk/-/fs.walk-1.2.8.tgz 4562ms (cache miss)
1850 http fetch GET 200 https://registry.npmjs.org/caniuse-lite/-/caniuse-lite-1.0.30001791.tgz 4576ms (cache miss)
1851 http fetch GET 200 https://registry.npmjs.org/@nodelib/fs.stat/-/fs.stat-2.0.5.tgz 4564ms (cache miss)
1852 http fetch GET 200 https://registry.npmjs.org/@sindresorhus/merge-streams/-/merge-streams-4.0.0.tgz 4584ms (cache miss)
1853 http fetch GET 200 https://registry.npmjs.org/@supabase/realtime-js/-/realtime-js-2.105.1.tgz 4599ms (cache miss)
1854 http fetch GET 200 https://registry.npmjs.org/@nolyfill/is-core-module/-/is-core-module-1.0.39.tgz 4610ms (cache miss)
1855 http fetch GET 200 https://registry.npmjs.org/@open-draft/logger/-/logger-0.3.0.tgz 4644ms (cache miss)
1856 http fetch GET 200 https://registry.npmjs.org/@open-draft/until/-/until-2.1.0.tgz 4674ms (cache miss)
1857 http fetch GET 200 https://registry.npmjs.org/@next/env/-/env-16.2.4.tgz 4680ms (cache miss)
1858 http fetch GET 200 https://registry.npmjs.org/@supabase/phoenix/-/phoenix-0.4.1.tgz 4745ms (cache miss)
1859 http fetch GET 200 https://registry.npmjs.org/@open-draft/deferred-promise/-/deferred-promise-3.0.0.tgz 4776ms (cache miss)
1860 http fetch GET 200 https://registry.npmjs.org/@jridgewell/resolve-uri/-/resolve-uri-3.1.2.tgz 4774ms (cache miss)
1861 http fetch GET 200 https://registry.npmjs.org/@nodelib/fs.scandir/-/fs.scandir-2.1.5.tgz 4777ms (cache miss)
1862 http fetch GET 200 https://registry.npmjs.org/@inquirer/type/-/type-4.0.5.tgz 4775ms (cache miss)
1863 http fetch GET 200 https://registry.npmjs.org/@jridgewell/sourcemap-codec/-/sourcemap-codec-1.5.5.tgz 4790ms (cache miss)
1864 http fetch GET 200 https://registry.npmjs.org/@jridgewell/gen-mapping/-/gen-mapping-0.3.13.tgz 4793ms (cache miss)
1865 http fetch GET 200 https://registry.npmjs.org/@jridgewell/trace-mapping/-/trace-mapping-0.3.31.tgz 4802ms (cache miss)
1866 http fetch GET 200 https://registry.npmjs.org/@supabase/auth-js/-/auth-js-2.105.1.tgz 4819ms (cache miss)
1867 http fetch GET 200 https://registry.npmjs.org/@noble/ciphers/-/ciphers-1.3.0.tgz 4832ms (cache miss)
1868 http fetch GET 200 https://registry.npmjs.org/@inquirer/figures/-/figures-2.0.5.tgz 4833ms (cache miss)
1869 http fetch GET 200 https://registry.npmjs.org/@jridgewell/remapping/-/remapping-2.3.5.tgz 4848ms (cache miss)
1870 http fetch GET 200 https://registry.npmjs.org/@noble/curves/-/curves-1.9.7.tgz 4861ms (cache miss)
1871 http fetch GET 200 https://registry.npmjs.org/@inquirer/ansi/-/ansi-2.0.5.tgz 4860ms (cache miss)
1872 http fetch GET 200 https://registry.npmjs.org/@typescript-eslint/scope-manager/-/scope-manager-8.59.1.tgz 4865ms (cache miss)
1873 http fetch GET 200 https://registry.npmjs.org/@next/eslint-plugin-next/-/eslint-plugin-next-16.2.4.tgz 4866ms (cache miss)
1874 http fetch GET 200 https://registry.npmjs.org/@inquirer/confirm/-/confirm-6.0.12.tgz 4874ms (cache miss)
1875 http fetch GET 200 https://registry.npmjs.org/@img/sharp-darwin-arm64/-/sharp-darwin-arm64-0.34.5.tgz 4877ms (cache miss)
1876 http fetch GET 200 https://registry.npmjs.org/@humanwhocodes/module-importer/-/module-importer-1.0.1.tgz 4896ms (cache miss)
1877 http fetch GET 200 https://registry.npmjs.org/@humanwhocodes/retry/-/retry-0.4.3.tgz 4903ms (cache miss)
1878 http fetch GET 200 https://registry.npmjs.org/@humanfs/types/-/types-0.15.0.tgz 4941ms (cache miss)
1879 http fetch GET 200 https://registry.npmjs.org/@img/colour/-/colour-1.1.0.tgz 4946ms (cache miss)
1880 http fetch GET 200 https://registry.npmjs.org/@humanfs/node/-/node-0.16.8.tgz 4947ms (cache miss)
1881 http fetch GET 200 https://registry.npmjs.org/@napi-rs/wasm-runtime/-/wasm-runtime-0.2.12.tgz 4952ms (cache miss)
1882 http fetch GET 200 https://registry.npmjs.org/@noble/hashes/-/hashes-1.8.0.tgz 4977ms (cache miss)
1883 http fetch GET 200 https://registry.npmjs.org/@floating-ui/core/-/core-1.7.5.tgz 5006ms (cache miss)
1884 http fetch GET 200 https://registry.npmjs.org/@eslint/js/-/js-9.39.4.tgz 5008ms (cache miss)
1885 http fetch GET 200 https://registry.npmjs.org/@eslint/object-schema/-/object-schema-2.1.7.tgz 5018ms (cache miss)
1886 http fetch GET 200 https://registry.npmjs.org/@eslint/plugin-kit/-/plugin-kit-0.4.1.tgz 5022ms (cache miss)
1887 http fetch GET 200 https://registry.npmjs.org/@inquirer/core/-/core-11.1.9.tgz 5057ms (cache miss)
1888 http fetch GET 200 https://registry.npmjs.org/@hono/node-server/-/node-server-1.19.14.tgz 5059ms (cache miss)
1889 http fetch GET 200 https://registry.npmjs.org/@humanfs/core/-/core-0.19.2.tgz 5096ms (cache miss)
1890 http fetch GET 200 https://registry.npmjs.org/@floating-ui/utils/-/utils-0.2.11.tgz 5199ms (cache miss)
1891 http fetch GET 200 https://registry.npmjs.org/@eslint/eslintrc/-/eslintrc-3.3.5.tgz 5202ms (cache miss)
1892 http fetch GET 200 https://registry.npmjs.org/@eslint/core/-/core-0.17.0.tgz 5213ms (cache miss)
1893 http fetch GET 200 https://registry.npmjs.org/@ecies/ciphers/-/ciphers-0.2.6.tgz 5213ms (cache miss)
1894 http fetch GET 200 https://registry.npmjs.org/@eslint-community/regexpp/-/regexpp-4.12.2.tgz 5216ms (cache miss)
1895 http fetch GET 200 https://registry.npmjs.org/@emnapi/runtime/-/runtime-1.10.0.tgz 5224ms (cache miss)
1896 http fetch GET 200 https://registry.npmjs.org/@emnapi/wasi-threads/-/wasi-threads-1.2.1.tgz 5225ms (cache miss)
1897 http fetch GET 200 https://registry.npmjs.org/@eslint-community/eslint-utils/-/eslint-utils-4.9.1.tgz 5226ms (cache miss)
1898 http fetch GET 200 https://registry.npmjs.org/@eslint/config-helpers/-/config-helpers-0.4.2.tgz 5239ms (cache miss)
1899 http fetch GET 200 https://registry.npmjs.org/@floating-ui/dom/-/dom-1.7.6.tgz 5260ms (cache miss)
1900 http fetch GET 200 https://registry.npmjs.org/@floating-ui/react-dom/-/react-dom-2.1.8.tgz 5283ms (cache miss)
1901 http fetch GET 200 https://registry.npmjs.org/@eslint/config-array/-/config-array-0.21.2.tgz 5326ms (cache miss)
1902 http fetch GET 200 https://registry.npmjs.org/@emnapi/core/-/core-1.10.0.tgz 5353ms (cache miss)
1903 http fetch GET 200 https://registry.npmjs.org/@base-ui/utils/-/utils-0.2.8.tgz 5391ms (cache miss)
1904 http fetch GET 200 https://registry.npmjs.org/@mswjs/interceptors/-/interceptors-0.41.8.tgz 5397ms (cache miss)
1905 http fetch GET 200 https://registry.npmjs.org/@img/sharp-libvips-darwin-arm64/-/sharp-libvips-darwin-arm64-1.2.4.tgz 5402ms (cache miss)
1906 http fetch GET 200 https://registry.npmjs.org/@babel/template/-/template-7.28.6.tgz 5422ms (cache miss)
1907 http fetch GET 200 https://registry.npmjs.org/@babel/preset-typescript/-/preset-typescript-7.28.5.tgz 5432ms (cache miss)
1908 http fetch GET 200 https://registry.npmjs.org/@babel/plugin-transform-typescript/-/plugin-transform-typescript-7.28.6.tgz 5439ms (cache miss)
1909 http fetch GET 200 https://registry.npmjs.org/@babel/parser/-/parser-7.29.3.tgz 5478ms (cache miss)
1910 http fetch GET 200 https://registry.npmjs.org/@babel/helper-string-parser/-/helper-string-parser-7.27.1.tgz 5478ms (cache miss)
1911 http fetch GET 200 https://registry.npmjs.org/@babel/helper-module-imports/-/helper-module-imports-7.28.6.tgz 5539ms (cache miss)
1912 http fetch GET 200 https://registry.npmjs.org/@babel/helper-skip-transparent-expression-wrappers/-/helper-skip-transparent-expression-wrappers-7.27.1.tgz 5539ms (cache miss)
1913 http fetch GET 200 https://registry.npmjs.org/@babel/helper-replace-supers/-/helper-replace-supers-7.28.6.tgz 5540ms (cache miss)
1914 http fetch GET 200 https://registry.npmjs.org/@babel/plugin-transform-modules-commonjs/-/plugin-transform-modules-commonjs-7.28.6.tgz 5542ms (cache miss)
1915 http fetch GET 200 https://registry.npmjs.org/@babel/types/-/types-7.29.0.tgz 5547ms (cache miss)
1916 http fetch GET 200 https://registry.npmjs.org/@babel/helper-module-transforms/-/helper-module-transforms-7.28.6.tgz 5549ms (cache miss)
1917 http fetch GET 200 https://registry.npmjs.org/@babel/runtime/-/runtime-7.29.2.tgz 5557ms (cache miss)
1918 http fetch GET 200 https://registry.npmjs.org/@babel/helper-globals/-/helper-globals-7.28.0.tgz 5576ms (cache miss)
1919 http fetch GET 200 https://registry.npmjs.org/@babel/helper-member-expression-to-functions/-/helper-member-expression-to-functions-7.28.5.tgz 5581ms (cache miss)
1920 http fetch GET 200 https://registry.npmjs.org/@babel/helper-optimise-call-expression/-/helper-optimise-call-expression-7.27.1.tgz 5584ms (cache miss)
1921 http fetch GET 200 https://registry.npmjs.org/@babel/helpers/-/helpers-7.29.2.tgz 5606ms (cache miss)
1922 http fetch GET 200 https://registry.npmjs.org/@babel/helper-validator-option/-/helper-validator-option-7.27.1.tgz 5633ms (cache miss)
1923 http fetch GET 200 https://registry.npmjs.org/@babel/helper-plugin-utils/-/helper-plugin-utils-7.28.6.tgz 5633ms (cache miss)
1924 http fetch GET 200 https://registry.npmjs.org/@babel/helper-compilation-targets/-/helper-compilation-targets-7.28.6.tgz 5640ms (cache miss)
1925 http fetch GET 200 https://registry.npmjs.org/@dotenvx/dotenvx/-/dotenvx-1.64.0.tgz 5647ms (cache miss)
1926 http fetch GET 200 https://registry.npmjs.org/@babel/helper-annotate-as-pure/-/helper-annotate-as-pure-7.27.3.tgz 5650ms (cache miss)
1927 http fetch GET 200 https://registry.npmjs.org/@babel/generator/-/generator-7.29.1.tgz 5682ms (cache miss)
1928 http fetch GET 200 https://registry.npmjs.org/@modelcontextprotocol/sdk/-/sdk-1.29.0.tgz 5702ms (cache miss)
1929 http fetch GET 200 https://registry.npmjs.org/@babel/helper-validator-identifier/-/helper-validator-identifier-7.28.5.tgz 5709ms (cache miss)
1930 http fetch GET 200 https://registry.npmjs.org/@babel/code-frame/-/code-frame-7.29.0.tgz 5711ms (cache miss)
1931 http fetch GET 200 https://registry.npmjs.org/@babel/compat-data/-/compat-data-7.29.3.tgz 5718ms (cache miss)
1932 http fetch GET 200 https://registry.npmjs.org/@alloc/quick-lru/-/quick-lru-5.2.0.tgz 5746ms (cache miss)
1933 http fetch GET 200 https://registry.npmjs.org/core-js/-/core-js-3.49.0.tgz 5794ms (cache miss)
1934 http fetch GET 200 https://registry.npmjs.org/@babel/plugin-syntax-typescript/-/plugin-syntax-typescript-7.28.6.tgz 5766ms (cache miss)
1935 http fetch GET 200 https://registry.npmjs.org/@babel/core/-/core-7.29.0.tgz 5781ms (cache miss)
1936 http fetch GET 200 https://registry.npmjs.org/emoji-regex/-/emoji-regex-8.0.0.tgz 5796ms (cache miss)
1937 http fetch GET 200 https://registry.npmjs.org/strip-ansi/-/strip-ansi-6.0.1.tgz 5801ms (cache miss)
1938 http fetch GET 200 https://registry.npmjs.org/string-width/-/string-width-4.2.3.tgz 5801ms (cache miss)
1939 http fetch GET 200 https://registry.npmjs.org/@babel/traverse/-/traverse-7.29.0.tgz 5818ms (cache miss)
1940 http fetch GET 200 https://registry.npmjs.org/@babel/plugin-syntax-jsx/-/plugin-syntax-jsx-7.28.6.tgz 5857ms (cache miss)
1941 http fetch GET 200 https://registry.npmjs.org/strip-ansi/-/strip-ansi-6.0.1.tgz 6065ms (cache miss)
1942 http fetch GET 200 https://registry.npmjs.org/glob-parent/-/glob-parent-5.1.2.tgz 6065ms (cache miss)
1943 http fetch GET 200 https://registry.npmjs.org/ansi-regex/-/ansi-regex-5.0.1.tgz 6067ms (cache miss)
1944 http fetch GET 200 https://registry.npmjs.org/json5/-/json5-1.0.2.tgz 6068ms (cache miss)
1945 http fetch GET 200 https://registry.npmjs.org/ansi-regex/-/ansi-regex-5.0.1.tgz 6071ms (cache miss)
1946 http fetch GET 200 https://registry.npmjs.org/emoji-regex/-/emoji-regex-8.0.0.tgz 6089ms (cache miss)
1947 http fetch GET 200 https://registry.npmjs.org/string-width/-/string-width-4.2.3.tgz 6091ms (cache miss)
1948 http fetch GET 200 https://registry.npmjs.org/semver/-/semver-7.7.4.tgz 6102ms (cache miss)
1949 http fetch GET 200 https://registry.npmjs.org/@babel/helper-create-class-features-plugin/-/helper-create-class-features-plugin-7.29.3.tgz 6105ms (cache miss)
1950 http fetch GET 200 https://registry.npmjs.org/fdir/-/fdir-6.5.0.tgz 6131ms (cache miss)
1951 http fetch GET 200 https://registry.npmjs.org/path-to-regexp/-/path-to-regexp-8.4.2.tgz 6133ms (cache miss)
1952 http fetch GET 200 https://registry.npmjs.org/tsconfig-paths/-/tsconfig-paths-4.2.0.tgz 6138ms (cache miss)
1953 http fetch GET 200 https://registry.npmjs.org/picomatch/-/picomatch-4.0.4.tgz 6143ms (cache miss)
1954 http fetch GET 200 https://registry.npmjs.org/kleur/-/kleur-3.0.3.tgz 6213ms (cache miss)
1955 http fetch GET 200 https://registry.npmjs.org/emoji-regex/-/emoji-regex-10.6.0.tgz 6212ms (cache miss)
1956 http fetch GET 200 https://registry.npmjs.org/cookie/-/cookie-1.1.1.tgz 6215ms (cache miss)
1957 http fetch GET 200 https://registry.npmjs.org/debug/-/debug-3.2.7.tgz 6215ms (cache miss)
1958 http fetch GET 200 https://registry.npmjs.org/path-key/-/path-key-4.0.0.tgz 6215ms (cache miss)
1959 http fetch GET 200 https://registry.npmjs.org/chalk/-/chalk-5.6.2.tgz 6221ms (cache miss)
1960 http fetch GET 200 https://registry.npmjs.org/glob-parent/-/glob-parent-5.1.2.tgz 6229ms (cache miss)
1961 http fetch GET 200 https://registry.npmjs.org/globals/-/globals-16.4.0.tgz 6231ms (cache miss)
1962 http fetch GET 200 https://registry.npmjs.org/debug/-/debug-3.2.7.tgz 6233ms (cache miss)
1963 http fetch GET 200 https://registry.npmjs.org/debug/-/debug-3.2.7.tgz 6233ms (cache miss)
1964 http fetch GET 200 https://registry.npmjs.org/semver/-/semver-7.7.4.tgz 6241ms (cache miss)
1965 http fetch GET 200 https://registry.npmjs.org/postcss/-/postcss-8.4.31.tgz 6247ms (cache miss)
1966 http fetch GET 200 https://registry.npmjs.org/string-width/-/string-width-4.2.3.tgz 6245ms (cache miss)
1967 http fetch GET 200 https://registry.npmjs.org/fast-glob/-/fast-glob-3.3.3.tgz 6250ms (cache miss)
1968 http fetch GET 200 https://registry.npmjs.org/emoji-regex/-/emoji-regex-8.0.0.tgz 6332ms (cache miss)
1969 http fetch GET 200 https://registry.npmjs.org/is-unicode-supported/-/is-unicode-supported-1.3.0.tgz 6333ms (cache miss)
1970 http fetch GET 200 https://registry.npmjs.org/strip-ansi/-/strip-ansi-6.0.1.tgz 6335ms (cache miss)
1971 http fetch GET 200 https://registry.npmjs.org/json-schema-traverse/-/json-schema-traverse-1.0.0.tgz 6337ms (cache miss)
1972 http fetch GET 200 https://registry.npmjs.org/chalk/-/chalk-5.6.2.tgz 6344ms (cache miss)
1973 http fetch GET 200 https://registry.npmjs.org/eslint-visitor-keys/-/eslint-visitor-keys-5.0.1.tgz 6346ms (cache miss)
1974 http fetch GET 200 https://registry.npmjs.org/brace-expansion/-/brace-expansion-5.0.5.tgz 6347ms (cache miss)
1975 http fetch GET 200 https://registry.npmjs.org/balanced-match/-/balanced-match-4.0.4.tgz 6353ms (cache miss)
1976 http fetch GET 200 https://registry.npmjs.org/semver/-/semver-7.7.4.tgz 6367ms (cache miss)
1977 http fetch GET 200 https://registry.npmjs.org/zod/-/zod-3.25.76.tgz 6370ms (cache miss)
1978 http fetch GET 200 https://registry.npmjs.org/glob-parent/-/glob-parent-5.1.2.tgz 6390ms (cache miss)
1979 http fetch GET 200 https://registry.npmjs.org/ansi-regex/-/ansi-regex-5.0.1.tgz 6390ms (cache miss)
1980 http fetch GET 200 https://registry.npmjs.org/minimatch/-/minimatch-10.2.5.tgz 6403ms (cache miss)
1981 http fetch GET 200 https://registry.npmjs.org/minimatch/-/minimatch-10.2.5.tgz 6419ms (cache miss)
1982 http fetch GET 200 https://registry.npmjs.org/ignore/-/ignore-7.0.5.tgz 6419ms (cache miss)
1983 http fetch GET 200 https://registry.npmjs.org/which/-/which-4.0.0.tgz 6424ms (cache miss)
1984 http fetch GET 200 https://registry.npmjs.org/balanced-match/-/balanced-match-4.0.4.tgz 6427ms (cache miss)
1985 http fetch GET 200 https://registry.npmjs.org/@open-draft/deferred-promise/-/deferred-promise-2.2.0.tgz 6434ms (cache miss)
1986 http fetch GET 200 https://registry.npmjs.org/fast-glob/-/fast-glob-3.3.3.tgz 6442ms (cache miss)
1987 http fetch GET 200 https://registry.npmjs.org/onetime/-/onetime-5.1.2.tgz 6453ms (cache miss)
1988 http fetch GET 200 https://registry.npmjs.org/signal-exit/-/signal-exit-3.0.7.tgz 6453ms (cache miss)
1989 http fetch GET 200 https://registry.npmjs.org/strip-final-newline/-/strip-final-newline-2.0.0.tgz 6454ms (cache miss)
1990 http fetch GET 200 https://registry.npmjs.org/brace-expansion/-/brace-expansion-5.0.5.tgz 6455ms (cache miss)
1991 http fetch GET 200 https://registry.npmjs.org/json-schema-traverse/-/json-schema-traverse-1.0.0.tgz 6457ms (cache miss)
1992 http fetch GET 200 https://registry.npmjs.org/is-stream/-/is-stream-2.0.1.tgz 6492ms (cache miss)
1993 http fetch GET 200 https://registry.npmjs.org/npm-run-path/-/npm-run-path-4.0.1.tgz 6582ms (cache miss)
1994 http fetch GET 200 https://registry.npmjs.org/eslint-visitor-keys/-/eslint-visitor-keys-3.4.3.tgz 6583ms (cache miss)
1995 http fetch GET 200 https://registry.npmjs.org/picomatch/-/picomatch-4.0.4.tgz 6586ms (cache miss)
1996 http fetch GET 200 https://registry.npmjs.org/ajv/-/ajv-8.20.0.tgz 6601ms (cache miss)
1997 http fetch GET 200 https://registry.npmjs.org/human-signals/-/human-signals-2.1.0.tgz 6605ms (cache miss)
1998 http fetch GET 200 https://registry.npmjs.org/fdir/-/fdir-6.5.0.tgz 6606ms (cache miss)
1999 http fetch GET 200 https://registry.npmjs.org/get-stream/-/get-stream-6.0.1.tgz 6606ms (cache miss)
2000 http fetch GET 200 https://registry.npmjs.org/isexe/-/isexe-3.1.5.tgz 6625ms (cache miss)
2001 http fetch GET 200 https://registry.npmjs.org/ajv/-/ajv-8.20.0.tgz 6656ms (cache miss)
2002 http fetch GET 200 https://registry.npmjs.org/fast-uri 6200ms (cache miss)
2003 silly packumentCache corgi:https://registry.npmjs.org/fast-uri set size:undefined disposed:false
2004 http fetch GET 200 https://registry.npmjs.org/commander/-/commander-11.1.0.tgz 6710ms (cache miss)
2005 http fetch GET 200 https://registry.npmjs.org/ip-address 6206ms (cache miss)
2006 silly packumentCache corgi:https://registry.npmjs.org/ip-address set size:undefined disposed:false
2007 http fetch GET 200 https://registry.npmjs.org/execa/-/execa-5.1.1.tgz 6710ms (cache miss)
2008 http fetch GET 200 https://registry.npmjs.org/postcss 6224ms (cache miss)
2009 silly packumentCache corgi:https://registry.npmjs.org/postcss set size:undefined disposed:false
2010 http fetch GET 200 https://registry.npmjs.org/hono 6235ms (cache miss)
2011 silly packumentCache corgi:https://registry.npmjs.org/hono set size:undefined disposed:false
2012 silly packumentCache corgi:https://registry.npmjs.org/ajv cache-miss
2013 http fetch GET 200 https://registry.npmjs.org/@base-ui/react/-/react-1.4.1.tgz 6827ms (cache miss)
2014 http fetch GET 200 https://registry.npmjs.org/ajv 433ms (cache miss)
2015 silly packumentCache corgi:https://registry.npmjs.org/ajv set size:undefined disposed:false
2016 silly packumentCache corgi:https://registry.npmjs.org/@hono%2fnode-server cache-miss
2017 silly packumentCache corgi:https://registry.npmjs.org/@modelcontextprotocol%2fsdk cache-miss
2018 http fetch GET 200 https://registry.npmjs.org/@next/swc-darwin-arm64/-/swc-darwin-arm64-16.2.4.tgz 7280ms (cache miss)
2019 http fetch GET 200 https://registry.npmjs.org/next/-/next-16.2.4.tgz 7356ms (cache miss)
2020 info run sharp@0.34.5 install node_modules/sharp node install/check.js || npm run build
2021 http fetch GET 200 https://registry.npmjs.org/@modelcontextprotocol%2fsdk 149ms (cache miss)
2022 silly packumentCache corgi:https://registry.npmjs.org/@modelcontextprotocol%2fsdk set size:undefined disposed:false
2023 http fetch GET 200 https://registry.npmjs.org/@hono%2fnode-server 158ms (cache miss)
2024 silly packumentCache corgi:https://registry.npmjs.org/@hono%2fnode-server set size:undefined disposed:false
2025 silly packumentCache corgi:https://registry.npmjs.org/express-rate-limit cache-miss
2026 http fetch GET 200 https://registry.npmjs.org/express-rate-limit 104ms (cache miss)
2027 silly packumentCache corgi:https://registry.npmjs.org/express-rate-limit set size:undefined disposed:false
2028 silly packumentCache corgi:https://registry.npmjs.org/next cache-miss
2029 http fetch GET 200 https://registry.npmjs.org/next 367ms (cache miss)
2030 silly packumentCache corgi:https://registry.npmjs.org/next set size:undefined disposed:false
2031 info run sharp@0.34.5 install { code: 0, signal: null }
2032 info run core-js@3.49.0 postinstall node_modules/core-js node -e "try{require('./postinstall')}catch(e){}"
2033 info run msw@2.14.2 postinstall node_modules/msw node -e "import('./config/scripts/postinstall.js').catch(() => void 0)"
2034 info run unrs-resolver@1.11.1 postinstall node_modules/unrs-resolver napi-postinstall unrs-resolver 1.11.1 check
2035 info run core-js@3.49.0 postinstall { code: 0, signal: null }
2036 info run msw@2.14.2 postinstall { code: 0, signal: null }
2037 info run unrs-resolver@1.11.1 postinstall { code: 0, signal: null }
2038 silly ADD node_modules/zod-validation-error
2039 silly ADD node_modules/zod-to-json-schema
2040 silly ADD node_modules/zod
2041 silly ADD node_modules/yoctocolors
2042 silly ADD node_modules/yocto-spinner
2043 silly ADD node_modules/yocto-queue
2044 silly ADD node_modules/yargs-parser
2045 silly ADD node_modules/yargs
2046 silly ADD node_modules/yargs/node_modules/strip-ansi
2047 silly ADD node_modules/yargs/node_modules/string-width
2048 silly ADD node_modules/yargs/node_modules/emoji-regex
2049 silly ADD node_modules/yargs/node_modules/ansi-regex
2050 silly ADD node_modules/yallist
2051 silly ADD node_modules/y18n
2052 silly ADD node_modules/wsl-utils
2053 silly ADD node_modules/ws
2054 silly ADD node_modules/wrappy
2055 silly ADD node_modules/wrap-ansi
2056 silly ADD node_modules/wrap-ansi/node_modules/strip-ansi
2057 silly ADD node_modules/wrap-ansi/node_modules/string-width
2058 silly ADD node_modules/wrap-ansi/node_modules/emoji-regex
2059 silly ADD node_modules/wrap-ansi/node_modules/ansi-regex
2060 silly ADD node_modules/word-wrap
2061 silly ADD node_modules/which-typed-array
2062 silly ADD node_modules/which-collection
2063 silly ADD node_modules/which-builtin-type
2064 silly ADD node_modules/which-boxed-primitive
2065 silly ADD node_modules/which
2066 silly ADD node_modules/web-streams-polyfill
2067 silly ADD node_modules/vary
2068 silly ADD node_modules/validate-npm-package-name
2069 silly ADD node_modules/uuid
2070 silly ADD node_modules/utrie
2071 silly ADD node_modules/util-deprecate
2072 silly ADD node_modules/use-sync-external-store
2073 silly ADD node_modules/uri-js
2074 silly ADD node_modules/update-browserslist-db
2075 silly ADD node_modules/until-async
2076 silly ADD node_modules/unrs-resolver
2077 silly ADD node_modules/unpipe
2078 silly ADD node_modules/universalify
2079 silly ADD node_modules/unicorn-magic
2080 silly ADD node_modules/undici-types
2081 silly ADD node_modules/unbox-primitive
2082 silly ADD node_modules/typescript-eslint
2083 silly ADD node_modules/typescript
2084 silly ADD node_modules/typed-array-length
2085 silly ADD node_modules/typed-array-byte-offset
2086 silly ADD node_modules/typed-array-byte-length
2087 silly ADD node_modules/typed-array-buffer
2088 silly ADD node_modules/type-is
2089 silly ADD node_modules/type-fest
2090 silly ADD node_modules/type-check
2091 silly ADD node_modules/tw-animate-css
2092 silly ADD node_modules/tslib
2093 silly ADD node_modules/tsconfig-paths
2094 silly ADD node_modules/tsconfig-paths/node_modules/json5
2095 silly ADD node_modules/ts-morph
2096 silly ADD node_modules/ts-api-utils
2097 silly ADD node_modules/tough-cookie
2098 silly ADD node_modules/toidentifier
2099 silly ADD node_modules/to-regex-range
2100 silly ADD node_modules/tldts-core
2101 silly ADD node_modules/tldts
2102 silly ADD node_modules/tinyglobby
2103 silly ADD node_modules/tinyglobby/node_modules/picomatch
2104 silly ADD node_modules/tinyglobby/node_modules/fdir
2105 silly ADD node_modules/tiny-invariant
2106 silly ADD node_modules/text-segmentation
2107 silly ADD node_modules/tapable
2108 silly ADD node_modules/tailwindcss
2109 silly ADD node_modules/tailwind-merge
2110 silly ADD node_modules/tagged-tag
2111 silly ADD node_modules/svg-pathdata
2112 silly ADD node_modules/supports-preserve-symlinks-flag
2113 silly ADD node_modules/supports-color
2114 silly ADD node_modules/styled-jsx
2115 silly ADD node_modules/strip-json-comments
2116 silly ADD node_modules/strip-final-newline
2117 silly ADD node_modules/strip-bom
2118 silly ADD node_modules/strip-ansi
2119 silly ADD node_modules/stringify-object
2120 silly ADD node_modules/string.prototype.trimstart
2121 silly ADD node_modules/string.prototype.trimend
2122 silly ADD node_modules/string.prototype.trim
2123 silly ADD node_modules/string.prototype.repeat
2124 silly ADD node_modules/string.prototype.matchall
2125 silly ADD node_modules/string.prototype.includes
2126 silly ADD node_modules/string-width
2127 silly ADD node_modules/string-width/node_modules/emoji-regex
2128 silly ADD node_modules/strict-event-emitter
2129 silly ADD node_modules/stop-iteration-iterator
2130 silly ADD node_modules/stdin-discarder
2131 silly ADD node_modules/statuses
2132 silly ADD node_modules/stackblur-canvas
2133 silly ADD node_modules/stable-hash
2134 silly ADD node_modules/source-map-js
2135 silly ADD node_modules/source-map
2136 silly ADD node_modules/sisteransi
2137 silly ADD node_modules/signal-exit
2138 silly ADD node_modules/side-channel-weakmap
2139 silly ADD node_modules/side-channel-map
2140 silly ADD node_modules/side-channel-list
2141 silly ADD node_modules/side-channel
2142 silly ADD node_modules/shebang-regex
2143 silly ADD node_modules/shebang-command
2144 silly ADD node_modules/sharp
2145 silly ADD node_modules/sharp/node_modules/semver
2146 silly ADD node_modules/shadcn
2147 silly ADD node_modules/shadcn/node_modules/zod
2148 silly ADD node_modules/shadcn/node_modules/tsconfig-paths
2149 silly ADD node_modules/shadcn/node_modules/glob-parent
2150 silly ADD node_modules/shadcn/node_modules/fast-glob
2151 silly ADD node_modules/setprototypeof
2152 silly ADD node_modules/set-proto
2153 silly ADD node_modules/set-function-name
2154 silly ADD node_modules/set-function-length
2155 silly ADD node_modules/set-cookie-parser
2156 silly ADD node_modules/serve-static
2157 silly ADD node_modules/send
2158 silly ADD node_modules/semver
2159 silly ADD node_modules/scheduler
2160 silly ADD node_modules/safer-buffer
2161 silly ADD node_modules/safe-regex-test
2162 silly ADD node_modules/safe-push-apply
2163 silly ADD node_modules/safe-array-concat
2164 silly ADD node_modules/run-parallel
2165 silly ADD node_modules/run-applescript
2166 silly ADD node_modules/router
2167 silly ADD node_modules/router/node_modules/path-to-regexp
2168 silly ADD node_modules/rgbcolor
2169 silly ADD node_modules/reusify
2170 silly ADD node_modules/rettime
2171 silly ADD node_modules/restore-cursor
2172 silly ADD node_modules/resolve-pkg-maps
2173 silly ADD node_modules/resolve-from
2174 silly ADD node_modules/resolve
2175 silly ADD node_modules/reselect
2176 silly ADD node_modules/require-from-string
2177 silly ADD node_modules/require-directory
2178 silly ADD node_modules/regexp.prototype.flags
2179 silly ADD node_modules/regenerator-runtime
2180 silly ADD node_modules/reflect.getprototypeof
2181 silly ADD node_modules/recast
2182 silly ADD node_modules/react-is
2183 silly ADD node_modules/react-dom
2184 silly ADD node_modules/react
2185 silly ADD node_modules/raw-body
2186 silly ADD node_modules/range-parser
2187 silly ADD node_modules/raf
2188 silly ADD node_modules/queue-microtask
2189 silly ADD node_modules/qs
2190 silly ADD node_modules/punycode
2191 silly ADD node_modules/proxy-addr
2192 silly ADD node_modules/prop-types
2193 silly ADD node_modules/prompts
2194 silly ADD node_modules/prompts/node_modules/kleur
2195 silly ADD node_modules/pretty-ms
2196 silly ADD node_modules/prelude-ls
2197 silly ADD node_modules/powershell-utils
2198 silly ADD node_modules/postcss-selector-parser
2199 silly ADD node_modules/postcss
2200 silly ADD node_modules/possible-typed-array-names
2201 silly ADD node_modules/pkce-challenge
2202 silly ADD node_modules/picomatch
2203 silly ADD node_modules/picocolors
2204 silly ADD node_modules/performance-now
2205 silly ADD node_modules/path-to-regexp
2206 silly ADD node_modules/path-parse
2207 silly ADD node_modules/path-key
2208 silly ADD node_modules/path-exists
2209 silly ADD node_modules/path-browserify
2210 silly ADD node_modules/parseurl
2211 silly ADD node_modules/parse-ms
2212 silly ADD node_modules/parse-json
2213 silly ADD node_modules/parent-module
2214 silly ADD node_modules/pako
2215 silly ADD node_modules/p-locate
2216 silly ADD node_modules/p-limit
2217 silly ADD node_modules/own-keys
2218 silly ADD node_modules/outvariant
2219 silly ADD node_modules/ora
2220 silly ADD node_modules/ora/node_modules/chalk
2221 silly ADD node_modules/optionator
2222 silly ADD node_modules/open
2223 silly ADD node_modules/onetime
2224 silly ADD node_modules/once
2225 silly ADD node_modules/on-finished
2226 silly ADD node_modules/object.values
2227 silly ADD node_modules/object.groupby
2228 silly ADD node_modules/object.fromentries
2229 silly ADD node_modules/object.entries
2230 silly ADD node_modules/object.assign
2231 silly ADD node_modules/object-treeify
2232 silly ADD node_modules/object-keys
2233 silly ADD node_modules/object-inspect
2234 silly ADD node_modules/object-assign
2235 silly ADD node_modules/npm-run-path
2236 silly ADD node_modules/npm-run-path/node_modules/path-key
2237 silly ADD node_modules/node-releases
2238 silly ADD node_modules/node-fetch
2239 silly ADD node_modules/node-exports-info
2240 silly ADD node_modules/node-domexception
2241 silly ADD node_modules/next
2242 silly ADD node_modules/next/node_modules/postcss
2243 silly ADD node_modules/negotiator
2244 silly ADD node_modules/natural-compare
2245 silly ADD node_modules/napi-postinstall
2246 silly ADD node_modules/nanoid
2247 silly ADD node_modules/mute-stream
2248 silly ADD node_modules/msw
2249 silly ADD node_modules/msw/node_modules/cookie
2250 silly ADD node_modules/ms
2251 silly ADD node_modules/minimist
2252 silly ADD node_modules/minimatch
2253 silly ADD node_modules/mimic-function
2254 silly ADD node_modules/mimic-fn
2255 silly ADD node_modules/mime-types
2256 silly ADD node_modules/mime-db
2257 silly ADD node_modules/micromatch
2258 silly ADD node_modules/merge2
2259 silly ADD node_modules/merge-stream
2260 silly ADD node_modules/merge-descriptors
2261 silly ADD node_modules/media-typer
2262 silly ADD node_modules/math-intrinsics
2263 silly ADD node_modules/magic-string
2264 silly ADD node_modules/lucide-react
2265 silly ADD node_modules/lru-cache
2266 silly ADD node_modules/loose-envify
2267 silly ADD node_modules/log-symbols
2268 silly ADD node_modules/log-symbols/node_modules/is-unicode-supported
2269 silly ADD node_modules/log-symbols/node_modules/chalk
2270 silly ADD node_modules/lodash.merge
2271 silly ADD node_modules/locate-path
2272 silly ADD node_modules/lines-and-columns
2273 silly ADD node_modules/lightningcss-darwin-arm64
2274 silly ADD node_modules/lightningcss
2275 silly ADD node_modules/levn
2276 silly ADD node_modules/language-tags
2277 silly ADD node_modules/language-subtag-registry
2278 silly ADD node_modules/kleur
2279 silly ADD node_modules/keyv
2280 silly ADD node_modules/jsx-ast-utils
2281 silly ADD node_modules/jspdf-autotable
2282 silly ADD node_modules/jspdf
2283 silly ADD node_modules/jsonfile
2284 silly ADD node_modules/json5
2285 silly ADD node_modules/json-stable-stringify-without-jsonify
2286 silly ADD node_modules/json-schema-typed
2287 silly ADD node_modules/json-schema-traverse
2288 silly ADD node_modules/json-parse-even-better-errors
2289 silly ADD node_modules/json-buffer
2290 silly ADD node_modules/jsesc
2291 silly ADD node_modules/js-yaml
2292 silly ADD node_modules/js-tokens
2293 silly ADD node_modules/jose
2294 silly ADD node_modules/jiti
2295 silly ADD node_modules/iterator.prototype
2296 silly ADD node_modules/isexe
2297 silly ADD node_modules/isarray
2298 silly ADD node_modules/is-wsl
2299 silly ADD node_modules/is-weakset
2300 silly ADD node_modules/is-weakref
2301 silly ADD node_modules/is-weakmap
2302 silly ADD node_modules/is-unicode-supported
2303 silly ADD node_modules/is-typed-array
2304 silly ADD node_modules/is-symbol
2305 silly ADD node_modules/is-string
2306 silly ADD node_modules/is-stream
2307 silly ADD node_modules/is-shared-array-buffer
2308 silly ADD node_modules/is-set
2309 silly ADD node_modules/is-regexp
2310 silly ADD node_modules/is-regex
2311 silly ADD node_modules/is-promise
2312 silly ADD node_modules/is-plain-obj
2313 silly ADD node_modules/is-obj
2314 silly ADD node_modules/is-number-object
2315 silly ADD node_modules/is-number
2316 silly ADD node_modules/is-node-process
2317 silly ADD node_modules/is-negative-zero
2318 silly ADD node_modules/is-map
2319 silly ADD node_modules/is-interactive
2320 silly ADD node_modules/is-inside-container
2321 silly ADD node_modules/is-in-ssh
2322 silly ADD node_modules/is-glob
2323 silly ADD node_modules/is-generator-function
2324 silly ADD node_modules/is-fullwidth-code-point
2325 silly ADD node_modules/is-finalizationregistry
2326 silly ADD node_modules/is-extglob
2327 silly ADD node_modules/is-docker
2328 silly ADD node_modules/is-date-object
2329 silly ADD node_modules/is-data-view
2330 silly ADD node_modules/is-core-module
2331 silly ADD node_modules/is-callable
2332 silly ADD node_modules/is-bun-module
2333 silly ADD node_modules/is-bun-module/node_modules/semver
2334 silly ADD node_modules/is-boolean-object
2335 silly ADD node_modules/is-bigint
2336 silly ADD node_modules/is-async-function
2337 silly ADD node_modules/is-arrayish
2338 silly ADD node_modules/is-array-buffer
2339 silly ADD node_modules/ipaddr.js
2340 silly ADD node_modules/ip-address
2341 silly ADD node_modules/iobuffer
2342 silly ADD node_modules/internal-slot
2343 silly ADD node_modules/inherits
2344 silly ADD node_modules/imurmurhash
2345 silly ADD node_modules/import-fresh
2346 silly ADD node_modules/ignore
2347 silly ADD node_modules/iconv-lite
2348 silly ADD node_modules/iceberg-js
2349 silly ADD node_modules/human-signals
2350 silly ADD node_modules/https-proxy-agent
2351 silly ADD node_modules/http-errors
2352 silly ADD node_modules/html2canvas
2353 silly ADD node_modules/hono
2354 silly ADD node_modules/hermes-parser
2355 silly ADD node_modules/hermes-estree
2356 silly ADD node_modules/headers-polyfill
2357 silly ADD node_modules/hasown
2358 silly ADD node_modules/has-tostringtag
2359 silly ADD node_modules/has-symbols
2360 silly ADD node_modules/has-proto
2361 silly ADD node_modules/has-property-descriptors
2362 silly ADD node_modules/has-flag
2363 silly ADD node_modules/has-bigints
2364 silly ADD node_modules/graphql
2365 silly ADD node_modules/graceful-fs
2366 silly ADD node_modules/gopd
2367 silly ADD node_modules/globalthis
2368 silly ADD node_modules/globals
2369 silly ADD node_modules/glob-parent
2370 silly ADD node_modules/get-tsconfig
2371 silly ADD node_modules/get-symbol-description
2372 silly ADD node_modules/get-stream
2373 silly ADD node_modules/get-proto
2374 silly ADD node_modules/get-own-enumerable-keys
2375 silly ADD node_modules/get-intrinsic
2376 silly ADD node_modules/get-east-asian-width
2377 silly ADD node_modules/get-caller-file
2378 silly ADD node_modules/gensync
2379 silly ADD node_modules/generator-function
2380 silly ADD node_modules/fuzzysort
2381 silly ADD node_modules/functions-have-names
2382 silly ADD node_modules/function.prototype.name
2383 silly ADD node_modules/function-bind
2384 silly ADD node_modules/fs-extra
2385 silly ADD node_modules/fresh
2386 silly ADD node_modules/forwarded
2387 silly ADD node_modules/formdata-polyfill
2388 silly ADD node_modules/for-each
2389 silly ADD node_modules/flatted
2390 silly ADD node_modules/flat-cache
2391 silly ADD node_modules/find-up
2392 silly ADD node_modules/finalhandler
2393 silly ADD node_modules/fill-range
2394 silly ADD node_modules/file-entry-cache
2395 silly ADD node_modules/figures
2396 silly ADD node_modules/fflate
2397 silly ADD node_modules/fetch-blob
2398 silly ADD node_modules/fastq
2399 silly ADD node_modules/fast-wrap-ansi
2400 silly ADD node_modules/fast-uri
2401 silly ADD node_modules/fast-string-width
2402 silly ADD node_modules/fast-string-truncated-width
2403 silly ADD node_modules/fast-png
2404 silly ADD node_modules/fast-levenshtein
2405 silly ADD node_modules/fast-json-stable-stringify
2406 silly ADD node_modules/fast-glob
2407 silly ADD node_modules/fast-glob/node_modules/glob-parent
2408 silly ADD node_modules/fast-deep-equal
2409 silly ADD node_modules/express-rate-limit
2410 silly ADD node_modules/express
2411 silly ADD node_modules/execa
2412 silly ADD node_modules/eventsource-parser
2413 silly ADD node_modules/eventsource
2414 silly ADD node_modules/etag
2415 silly ADD node_modules/esutils
2416 silly ADD node_modules/estraverse
2417 silly ADD node_modules/esrecurse
2418 silly ADD node_modules/esquery
2419 silly ADD node_modules/esprima
2420 silly ADD node_modules/espree
2421 silly ADD node_modules/eslint-visitor-keys
2422 silly ADD node_modules/eslint-scope
2423 silly ADD node_modules/eslint-plugin-react-hooks
2424 silly ADD node_modules/eslint-plugin-react
2425 silly ADD node_modules/eslint-plugin-jsx-a11y
2426 silly ADD node_modules/eslint-plugin-import
2427 silly ADD node_modules/eslint-plugin-import/node_modules/debug
2428 silly ADD node_modules/eslint-module-utils
2429 silly ADD node_modules/eslint-module-utils/node_modules/debug
2430 silly ADD node_modules/eslint-import-resolver-typescript
2431 silly ADD node_modules/eslint-import-resolver-node
2432 silly ADD node_modules/eslint-import-resolver-node/node_modules/debug
2433 silly ADD node_modules/eslint-config-next
2434 silly ADD node_modules/eslint-config-next/node_modules/globals
2435 silly ADD node_modules/eslint
2436 silly ADD node_modules/escape-string-regexp
2437 silly ADD node_modules/escape-html
2438 silly ADD node_modules/escalade
2439 silly ADD node_modules/es-to-primitive
2440 silly ADD node_modules/es-shim-unscopables
2441 silly ADD node_modules/es-set-tostringtag
2442 silly ADD node_modules/es-object-atoms
2443 silly ADD node_modules/es-iterator-helpers
2444 silly ADD node_modules/es-errors
2445 silly ADD node_modules/es-define-property
2446 silly ADD node_modules/es-abstract
2447 silly ADD node_modules/error-ex
2448 silly ADD node_modules/env-paths
2449 silly ADD node_modules/enhanced-resolve
2450 silly ADD node_modules/encodeurl
2451 silly ADD node_modules/emoji-regex
2452 silly ADD node_modules/electron-to-chromium
2453 silly ADD node_modules/ee-first
2454 silly ADD node_modules/eciesjs
2455 silly ADD node_modules/dunder-proto
2456 silly ADD node_modules/dotenv
2457 silly ADD node_modules/dompurify
2458 silly ADD node_modules/doctrine
2459 silly ADD node_modules/diff
2460 silly ADD node_modules/dexie-react-hooks
2461 silly ADD node_modules/dexie
2462 silly ADD node_modules/detect-libc
2463 silly ADD node_modules/depd
2464 silly ADD node_modules/define-properties
2465 silly ADD node_modules/define-lazy-prop
2466 silly ADD node_modules/define-data-property
2467 silly ADD node_modules/default-browser-id
2468 silly ADD node_modules/default-browser
2469 silly ADD node_modules/deepmerge
2470 silly ADD node_modules/deep-is
2471 silly ADD node_modules/dedent
2472 silly ADD node_modules/debug
2473 silly ADD node_modules/data-view-byte-offset
2474 silly ADD node_modules/data-view-byte-length
2475 silly ADD node_modules/data-view-buffer
2476 silly ADD node_modules/data-uri-to-buffer
2477 silly ADD node_modules/damerau-levenshtein
2478 silly ADD node_modules/cssesc
2479 silly ADD node_modules/css-line-break
2480 silly ADD node_modules/cross-spawn
2481 silly ADD node_modules/cosmiconfig
2482 silly ADD node_modules/cors
2483 silly ADD node_modules/core-js
2484 silly ADD node_modules/cookie-signature
2485 silly ADD node_modules/cookie
2486 silly ADD node_modules/convert-source-map
2487 silly ADD node_modules/content-type
2488 silly ADD node_modules/content-disposition
2489 silly ADD node_modules/concat-map
2490 silly ADD node_modules/commander
2491 silly ADD node_modules/color-name
2492 silly ADD node_modules/color-convert
2493 silly ADD node_modules/code-block-writer
2494 silly ADD node_modules/clsx
2495 silly ADD node_modules/cliui
2496 silly ADD node_modules/cliui/node_modules/strip-ansi
2497 silly ADD node_modules/cliui/node_modules/string-width
2498 silly ADD node_modules/cliui/node_modules/emoji-regex
2499 silly ADD node_modules/cliui/node_modules/ansi-regex
2500 silly ADD node_modules/client-only
2501 silly ADD node_modules/cli-width
2502 silly ADD node_modules/cli-spinners
2503 silly ADD node_modules/cli-cursor
2504 silly ADD node_modules/class-variance-authority
2505 silly ADD node_modules/chalk
2506 silly ADD node_modules/canvg
2507 silly ADD node_modules/caniuse-lite
2508 silly ADD node_modules/callsites
2509 silly ADD node_modules/call-bound
2510 silly ADD node_modules/call-bind-apply-helpers
2511 silly ADD node_modules/call-bind
2512 silly ADD node_modules/bytes
2513 silly ADD node_modules/bundle-name
2514 silly ADD node_modules/browserslist
2515 silly ADD node_modules/braces
2516 silly ADD node_modules/brace-expansion
2517 silly ADD node_modules/body-parser
2518 silly ADD node_modules/baseline-browser-mapping
2519 silly ADD node_modules/base64-arraybuffer
2520 silly ADD node_modules/balanced-match
2521 silly ADD node_modules/axobject-query
2522 silly ADD node_modules/axe-core
2523 silly ADD node_modules/available-typed-arrays
2524 silly ADD node_modules/async-function
2525 silly ADD node_modules/ast-types-flow
2526 silly ADD node_modules/ast-types
2527 silly ADD node_modules/arraybuffer.prototype.slice
2528 silly ADD node_modules/array.prototype.tosorted
2529 silly ADD node_modules/array.prototype.flatmap
2530 silly ADD node_modules/array.prototype.flat
2531 silly ADD node_modules/array.prototype.findlastindex
2532 silly ADD node_modules/array.prototype.findlast
2533 silly ADD node_modules/array-includes
2534 silly ADD node_modules/array-buffer-byte-length
2535 silly ADD node_modules/aria-query
2536 silly ADD node_modules/argparse
2537 silly ADD node_modules/ansi-styles
2538 silly ADD node_modules/ansi-regex
2539 silly ADD node_modules/ajv-formats
2540 silly ADD node_modules/ajv-formats/node_modules/json-schema-traverse
2541 silly ADD node_modules/ajv-formats/node_modules/ajv
2542 silly ADD node_modules/ajv
2543 silly ADD node_modules/agent-base
2544 silly ADD node_modules/acorn-jsx
2545 silly ADD node_modules/acorn
2546 silly ADD node_modules/accepts
2547 silly ADD node_modules/@unrs/resolver-binding-darwin-arm64
2548 silly ADD node_modules/@typescript-eslint/visitor-keys
2549 silly ADD node_modules/@typescript-eslint/visitor-keys/node_modules/eslint-visitor-keys
2550 silly ADD node_modules/@typescript-eslint/utils
2551 silly ADD node_modules/@typescript-eslint/typescript-estree
2552 silly ADD node_modules/@typescript-eslint/typescript-estree/node_modules/semver
2553 silly ADD node_modules/@typescript-eslint/typescript-estree/node_modules/minimatch
2554 silly ADD node_modules/@typescript-eslint/typescript-estree/node_modules/brace-expansion
2555 silly ADD node_modules/@typescript-eslint/typescript-estree/node_modules/balanced-match
2556 silly ADD node_modules/@typescript-eslint/types
2557 silly ADD node_modules/@typescript-eslint/type-utils
2558 silly ADD node_modules/@typescript-eslint/tsconfig-utils
2559 silly ADD node_modules/@typescript-eslint/scope-manager
2560 silly ADD node_modules/@typescript-eslint/project-service
2561 silly ADD node_modules/@typescript-eslint/parser
2562 silly ADD node_modules/@typescript-eslint/eslint-plugin
2563 silly ADD node_modules/@typescript-eslint/eslint-plugin/node_modules/ignore
2564 silly ADD node_modules/@types/ws
2565 silly ADD node_modules/@types/validate-npm-package-name
2566 silly ADD node_modules/@types/trusted-types
2567 silly ADD node_modules/@types/statuses
2568 silly ADD node_modules/@types/set-cookie-parser
2569 silly ADD node_modules/@types/raf
2570 silly ADD node_modules/@types/pako
2571 silly ADD node_modules/@types/node
2572 silly ADD node_modules/@types/json5
2573 silly ADD node_modules/@types/json-schema
2574 silly ADD node_modules/@types/estree
2575 silly ADD node_modules/@tybys/wasm-util
2576 silly ADD node_modules/@ts-morph/common
2577 silly ADD node_modules/@ts-morph/common/node_modules/minimatch
2578 silly ADD node_modules/@ts-morph/common/node_modules/glob-parent
2579 silly ADD node_modules/@ts-morph/common/node_modules/fast-glob
2580 silly ADD node_modules/@ts-morph/common/node_modules/brace-expansion
2581 silly ADD node_modules/@ts-morph/common/node_modules/balanced-match
2582 silly ADD node_modules/@tailwindcss/postcss
2583 silly ADD node_modules/@tailwindcss/oxide-darwin-arm64
2584 silly ADD node_modules/@tailwindcss/oxide
2585 silly ADD node_modules/@tailwindcss/node
2586 silly ADD node_modules/@swc/helpers
2587 silly ADD node_modules/@supabase/supabase-js
2588 silly ADD node_modules/@supabase/storage-js
2589 silly ADD node_modules/@supabase/realtime-js
2590 silly ADD node_modules/@supabase/postgrest-js
2591 silly ADD node_modules/@supabase/phoenix
2592 silly ADD node_modules/@supabase/functions-js
2593 silly ADD node_modules/@supabase/auth-js
2594 silly ADD node_modules/@sindresorhus/merge-streams
2595 silly ADD node_modules/@sec-ant/readable-stream
2596 silly ADD node_modules/@rtsao/scc
2597 silly ADD node_modules/@open-draft/until
2598 silly ADD node_modules/@open-draft/logger
2599 silly ADD node_modules/@open-draft/deferred-promise
2600 silly ADD node_modules/@nolyfill/is-core-module
2601 silly ADD node_modules/@nodelib/fs.walk
2602 silly ADD node_modules/@nodelib/fs.stat
2603 silly ADD node_modules/@nodelib/fs.scandir
2604 silly ADD node_modules/@noble/hashes
2605 silly ADD node_modules/@noble/curves
2606 silly ADD node_modules/@noble/ciphers
2607 silly ADD node_modules/@next/swc-darwin-arm64
2608 silly ADD node_modules/@next/eslint-plugin-next
2609 silly ADD node_modules/@next/env
2610 silly ADD node_modules/@napi-rs/wasm-runtime
2611 silly ADD node_modules/@mswjs/interceptors
2612 silly ADD node_modules/@mswjs/interceptors/node_modules/@open-draft/deferred-promise
2613 silly ADD node_modules/@modelcontextprotocol/sdk
2614 silly ADD node_modules/@modelcontextprotocol/sdk/node_modules/json-schema-traverse
2615 silly ADD node_modules/@modelcontextprotocol/sdk/node_modules/ajv
2616 silly ADD node_modules/@jridgewell/trace-mapping
2617 silly ADD node_modules/@jridgewell/sourcemap-codec
2618 silly ADD node_modules/@jridgewell/resolve-uri
2619 silly ADD node_modules/@jridgewell/remapping
2620 silly ADD node_modules/@jridgewell/gen-mapping
2621 silly ADD node_modules/@inquirer/type
2622 silly ADD node_modules/@inquirer/figures
2623 silly ADD node_modules/@inquirer/core
2624 silly ADD node_modules/@inquirer/confirm
2625 silly ADD node_modules/@inquirer/ansi
2626 silly ADD node_modules/@img/sharp-libvips-darwin-arm64
2627 silly ADD node_modules/@img/sharp-darwin-arm64
2628 silly ADD node_modules/@img/colour
2629 silly ADD node_modules/@humanwhocodes/retry
2630 silly ADD node_modules/@humanwhocodes/module-importer
2631 silly ADD node_modules/@humanfs/types
2632 silly ADD node_modules/@humanfs/node
2633 silly ADD node_modules/@humanfs/core
2634 silly ADD node_modules/@hono/node-server
2635 silly ADD node_modules/@floating-ui/utils
2636 silly ADD node_modules/@floating-ui/react-dom
2637 silly ADD node_modules/@floating-ui/dom
2638 silly ADD node_modules/@floating-ui/core
2639 silly ADD node_modules/@eslint/plugin-kit
2640 silly ADD node_modules/@eslint/object-schema
2641 silly ADD node_modules/@eslint/js
2642 silly ADD node_modules/@eslint/eslintrc
2643 silly ADD node_modules/@eslint/core
2644 silly ADD node_modules/@eslint/config-helpers
2645 silly ADD node_modules/@eslint/config-array
2646 silly ADD node_modules/@eslint-community/regexpp
2647 silly ADD node_modules/@eslint-community/eslint-utils
2648 silly ADD node_modules/@eslint-community/eslint-utils/node_modules/eslint-visitor-keys
2649 silly ADD node_modules/@emnapi/wasi-threads
2650 silly ADD node_modules/@emnapi/runtime
2651 silly ADD node_modules/@emnapi/core
2652 silly ADD node_modules/@ecies/ciphers
2653 silly ADD node_modules/@dotenvx/dotenvx
2654 silly ADD node_modules/@dotenvx/dotenvx/node_modules/which
2655 silly ADD node_modules/@dotenvx/dotenvx/node_modules/strip-final-newline
2656 silly ADD node_modules/@dotenvx/dotenvx/node_modules/signal-exit
2657 silly ADD node_modules/@dotenvx/dotenvx/node_modules/picomatch
2658 silly ADD node_modules/@dotenvx/dotenvx/node_modules/onetime
2659 silly ADD node_modules/@dotenvx/dotenvx/node_modules/npm-run-path
2660 silly ADD node_modules/@dotenvx/dotenvx/node_modules/isexe
2661 silly ADD node_modules/@dotenvx/dotenvx/node_modules/is-stream
2662 silly ADD node_modules/@dotenvx/dotenvx/node_modules/human-signals
2663 silly ADD node_modules/@dotenvx/dotenvx/node_modules/get-stream
2664 silly ADD node_modules/@dotenvx/dotenvx/node_modules/fdir
2665 silly ADD node_modules/@dotenvx/dotenvx/node_modules/execa
2666 silly ADD node_modules/@dotenvx/dotenvx/node_modules/commander
2667 silly ADD node_modules/@base-ui/utils
2668 silly ADD node_modules/@base-ui/react
2669 silly ADD node_modules/@babel/types
2670 silly ADD node_modules/@babel/traverse
2671 silly ADD node_modules/@babel/template
2672 silly ADD node_modules/@babel/runtime
2673 silly ADD node_modules/@babel/preset-typescript
2674 silly ADD node_modules/@babel/plugin-transform-typescript
2675 silly ADD node_modules/@babel/plugin-transform-modules-commonjs
2676 silly ADD node_modules/@babel/plugin-syntax-typescript
2677 silly ADD node_modules/@babel/plugin-syntax-jsx
2678 silly ADD node_modules/@babel/parser
2679 silly ADD node_modules/@babel/helpers
2680 silly ADD node_modules/@babel/helper-validator-option
2681 silly ADD node_modules/@babel/helper-validator-identifier
2682 silly ADD node_modules/@babel/helper-string-parser
2683 silly ADD node_modules/@babel/helper-skip-transparent-expression-wrappers
2684 silly ADD node_modules/@babel/helper-replace-supers
2685 silly ADD node_modules/@babel/helper-plugin-utils
2686 silly ADD node_modules/@babel/helper-optimise-call-expression
2687 silly ADD node_modules/@babel/helper-module-transforms
2688 silly ADD node_modules/@babel/helper-module-imports
2689 silly ADD node_modules/@babel/helper-member-expression-to-functions
2690 silly ADD node_modules/@babel/helper-globals
2691 silly ADD node_modules/@babel/helper-create-class-features-plugin
2692 silly ADD node_modules/@babel/helper-compilation-targets
2693 silly ADD node_modules/@babel/helper-annotate-as-pure
2694 silly ADD node_modules/@babel/generator
2695 silly ADD node_modules/@babel/core
2696 silly ADD node_modules/@babel/compat-data
2697 silly ADD node_modules/@babel/code-frame
2698 silly ADD node_modules/@alloc/quick-lru
2699 verbose cwd /Users/rorim/DepositoPegaNaBodega
2700 verbose os Darwin 25.3.0
2701 verbose node v24.11.1
2702 verbose npm  v11.6.2
2703 notice
2703 notice New minor version of npm available! 11.6.2 -> 11.14.1
2703 notice Changelog: https://github.com/npm/cli/releases/tag/v11.14.1
2703 notice To update run: npm install -g npm@11.14.1
2703 notice  { force: true, Symbol(proc-log.meta): true }
2704 verbose exit 0
2705 info ok
